,Media Source,Date,Text,Compound,Positive,Neutral,Negative,Tweet Count
0,@BBC,Sat May 23 16:01:00 +0000 2020,"#FindingDory = perfect weekend film!   üôåüê†

6.20pm | @BBCOne &amp; @BBCiPlayer.

üëâ https://t.co/epX87pTvAr https://t.co/cshunjl5Kx",0.6114,0.174,0.826,0.0,1
1,@BBC,Sat May 23 15:01:00 +0000 2020,"We hope this brings you some much needed tranquility. üòå

This is the Mindful Mix with David Attenborough. üçÉ

Listen‚Ä¶ https://t.co/ls7qmnyu5U",0.8074,0.274,0.726,0.0,2
2,@BBC,Sat May 23 13:01:00 +0000 2020,"""If any good can come of me sharing my experience, I hope it's that it encourages more men to be vocal and not keep‚Ä¶ https://t.co/lBx2oVxRNs",0.8885,0.354,0.646,0.0,3
3,@BBC,Sat May 23 12:47:16 +0000 2020,"RT @BBCTheOneShow: In support of #MentalHealthAwarenessWeek @professorgreen, @craigdavid, @jamesarthur23 and @snowpatrol's Gary Lightbody t‚Ä¶",0.4019,0.172,0.828,0.0,4
4,@BBC,Sat May 23 12:01:00 +0000 2020,"Israeli investors develop face mask with remote-controlled mouth hole.
https://t.co/NHFpQqUvk5",0.0,0.0,1.0,0.0,5
5,@BBC,Sat May 23 11:01:00 +0000 2020,"The Duke of Cambridge, Gareth Southgate and this team of football royalty kick off an important discussion on men‚Äôs‚Ä¶ https://t.co/DdvZ0TKH9m",0.2023,0.087,0.913,0.0,6
6,@BBC,Sat May 23 09:28:00 +0000 2020,"Who haven't we heard from yet on Coronavirus? Oh right, Philomena Cunk! 

@charltonbrooker's #AntiviralWipe is stre‚Ä¶ https://t.co/lJunb7Wo54",0.0,0.0,1.0,0.0,7
7,@BBC,Fri May 22 19:01:00 +0000 2020,"Tonight chatting to #GrahamNorton...

‚ú® @katyperry!
‚ú®@SteveCarell!
‚ú®Dakota Johnson!
‚ú®Alan Carr (@chattyman)!
‚ú®Music‚Ä¶ https://t.co/3oKYbSxZeE",0.5374,0.211,0.789,0.0,8
8,@BBC,Fri May 22 19:01:00 +0000 2020,"Piglet rescue! üò≠‚ù§Ô∏è

Roaming In The Wild is streaming now on @bbciplayer.

Via @bbcthesocial.

https://t.co/CTXCTkeqBX",0.126,0.152,0.718,0.131,9
9,@BBC,Fri May 22 16:01:00 +0000 2020,"Here is @matthaig1's simple piece of advice for better #MentalHealth.

What's your simple tip?
https://t.co/toSiVTl3bX",0.4404,0.172,0.828,0.0,10
10,@BBC,Fri May 22 15:58:20 +0000 2020,"RT @bbcouch: Ouch favourites @MarkOneinFour and @ms_molly_vog bare all in this mental health special of #OuchCabinFever

When the world wen‚Ä¶",0.4019,0.124,0.876,0.0,11
11,@BBC,Fri May 22 15:27:49 +0000 2020,"RT @BBCR1: Here's how the #BigWeekend Headliner and Radio 1 stages are looking for Saturday 23rd and Sunday 24th May! üòç

Check out set-time‚Ä¶",0.5093,0.112,0.888,0.0,12
12,@BBC,Fri May 22 14:04:03 +0000 2020,Find out more about the BBC's focus on mental health this May: https://t.co/9Z8jrQrIck,0.0,0.0,1.0,0.0,13
13,@BBC,Fri May 22 14:01:00 +0000 2020,"If you're finding lockdown tough because you live alone, Tobi Green Adenowo (@ToughCookieTee) has some tips to make‚Ä¶ https://t.co/zJD44nbNov",-0.3612,0.0,0.829,0.171,14
14,@BBC,Fri May 22 13:28:25 +0000 2020,"RT @bbcworldservice: Dressing up for Eid needn‚Äôt be stopped by lockdown ‚Äì here are @theswolearab, Fatima and Hira with their style tips htt‚Ä¶",-0.2263,0.0,0.921,0.079,15
15,@BBC,Fri May 22 12:51:33 +0000 2020,"RT @HackerTDog: GET THE #FridayFeeling BY WATCHING ME MAKE LOADS OF CELEBRITIES LOL OUT LOUD. WATCH MY NEW FILM HERE:
https://t.co/Bq7cRYke‚Ä¶",0.5473,0.15,0.85,0.0,16
16,@BBC,Fri May 22 12:25:44 +0000 2020,"RT @bbcpress: New comedy series #Staged, starring #DavidTennant and @MichaelSheen, is coming to @BBCOne in June. Here's a little taster of‚Ä¶",0.3612,0.111,0.889,0.0,17
17,@BBC,Fri May 22 11:01:00 +0000 2020,"With fashion weeks going digital because of Covid-19, 3D artists are being hired to create virtual clothes, and eve‚Ä¶ https://t.co/qIXRy0tUI7",0.2732,0.1,0.9,0.0,18
18,@BBC,Fri May 22 09:26:23 +0000 2020,"For details of organisations which offer advice and support with mental health, go online to https://t.co/rWDj404Gvz",0.4019,0.153,0.847,0.0,19
19,@BBC,Fri May 22 09:17:44 +0000 2020,More information about the range of programming about mental health across the BBC can be found here https://t.co/U3LM36WRcU,0.0,0.0,1.0,0.0,20
20,@BBC,Fri May 22 09:11:53 +0000 2020,Find out more about the BBC's focus on mental health this May: https://t.co/9Z8jrQrIck,0.0,0.0,1.0,0.0,21
21,@BBC,Fri May 22 08:45:56 +0000 2020,"For details of organisations which offer advice and support with mental health, go online to https://t.co/rWDj404Gvz",0.4019,0.153,0.847,0.0,22
22,@BBC,Fri May 22 08:11:47 +0000 2020,"For details of organisations which offer advice and support with mental health, go online to https://t.co/LYeKPCdUPk",0.4019,0.153,0.847,0.0,23
23,@BBC,Fri May 22 08:01:00 +0000 2020,"‚ÄòI‚Äôd describe it like the reactions inside the sun.‚Äô

This is what it's like to live with severe anxiety.‚Ä¶ https://t.co/aXLOTxZxgg",0.34,0.203,0.691,0.106,24
24,@BBC,Fri May 22 00:01:00 +0000 2020,"Three very powerful and personal stories about #MentalHealth - all streaming now on @bbciplayer.

Nadiya: Anxiety a‚Ä¶ https://t.co/l5Fdpb6PuJ",0.3384,0.149,0.769,0.082,25
25,@BBC,Thu May 21 20:30:00 +0000 2020,".@JasonManford gives us his words of wisdom on mental health during lockdown, and the power of laughter ‚ù§Ô∏è https://t.co/Imno3mD6kx",0.765,0.268,0.732,0.0,26
26,@BBC,Thu May 21 19:02:17 +0000 2020,"For details of organisations which offer advice and support with mental health, go online to https://t.co/rWDj404Gvz",0.4019,0.153,0.847,0.0,27
27,@BBC,Thu May 21 19:01:00 +0000 2020,This scene where Marianne and Connell finally address their class difference and how it's affected their relationsh‚Ä¶ https://t.co/SwYPjla1Ji,-0.1531,0.0,0.914,0.086,28
28,@BBC,Thu May 21 18:01:00 +0000 2020,"Comedian @ItsTonySlattery meets experts to explore his psychological problems, finding out if he is definitely bipo‚Ä¶ https://t.co/7614I03Iol",0.3818,0.241,0.636,0.123,29
29,@BBC,Thu May 21 16:20:13 +0000 2020,"To mark International Diversity Day, the BBC Director-General Tony Hall and UN Deputy Secretary-General Amina J Moh‚Ä¶ https://t.co/qe9YYNQYSC",0.0,0.0,1.0,0.0,30
30,@BBC,Thu May 21 16:01:00 +0000 2020,"Another #ThisCountry deleted scene from @bbcthree: more of Mandy's stories.  üôåüìö
https://t.co/s7D6Sc4Jpt",0.0,0.0,1.0,0.0,31
31,@BBC,Thu May 21 15:41:52 +0000 2020,RT @HackerTDog: YOU ARE ALL INVITED TO PLAY MY QUIZ AT 7.30PM LIVE TONIGHT ON MY YOUTUBE CHANNEL! GO AND SUBSCRIBE TO ME https://t.co/kFDPk‚Ä¶,0.5307,0.13,0.87,0.0,32
32,@BBC,Thu May 21 14:07:13 +0000 2020,‚Å£More information about the range of programming about mental health across the BBC can be found here https://t.co/U3LM36WRcU,0.0,0.0,1.0,0.0,33
33,@BBC,Thu May 21 14:06:45 +0000 2020,"Social media can be helpful and informative during lockdown - but it can also be overwhelming.

@naomishimada
 has‚Ä¶ https://t.co/oCS7c3T4lp",0.2263,0.095,0.905,0.0,34
34,@BBC,Thu May 21 12:29:13 +0000 2020,"For details of organisations which offer advice and support with mental health, go online to https://t.co/rWDj404Gvz",0.4019,0.153,0.847,0.0,35
35,@BBC,Thu May 21 12:29:01 +0000 2020,Nadiya: Anxiety and Me is streaming now on @BBCiPlayer. https://t.co/cizeDDzBYx,-0.1779,0.0,0.841,0.159,36
36,@BBC,Thu May 21 12:01:00 +0000 2020,"Nadiya Hussain explains how severe anxiety affects her life.
 
@BegumNadiya #MentalHealth
https://t.co/BTZnT3dEQY",-0.5106,0.0,0.699,0.301,37
37,@BBC,Thu May 21 11:14:48 +0000 2020,RT @bbcpress: The BBC‚Äôs Director of Creative Diversity @JuneSarpong has committed to hardwire diversity and inclusion throughout the BBC -‚Ä¶,0.6124,0.217,0.783,0.0,38
38,@BBC,Thu May 21 10:42:34 +0000 2020,"RT @BBCSport: üí™ Want to get fit and need some structure to help you? üóì

üì≤ #Couchto5K is the app for you ‚û° https://t.co/z3IGRWqgYv https://t‚Ä¶",0.6705,0.188,0.812,0.0,39
39,@BBC,Thu May 21 10:41:59 +0000 2020,"RT @cbbc: It's #MentalHealthAwarenessWeek2020 and there is no better time to be kind to yourself and others ü•∞ #BeKind #BBCOwnIt 
@JoeTasker‚Ä¶",0.6116,0.208,0.714,0.078,40
40,@BBC,Thu May 21 09:08:20 +0000 2020,"RT @BBC6Music: As premiered by @ChrisHawkinsuk...

Composer and producer @ErlandCooper explains how he used 6 Music listeners' sounds of ch‚Ä¶",0.0,0.0,1.0,0.0,41
41,@BBC,Thu May 21 08:01:00 +0000 2020,Love this!  üòç 8-year-old @KatyPerry fan Charlotte gets the surprise of her life when her substitute teacher is... A‚Ä¶ https://t.co/a3iB06Ubts,0.8977,0.385,0.615,0.0,42
42,@BBC,Thu May 21 05:57:24 +0000 2020,"What‚Äôs your mental health tip?

üß† Mental health campaigner @matthaig1 joins @ChrisHawkinsUK this morning to kick of‚Ä¶ https://t.co/sxITXwI65a",0.0,0.0,1.0,0.0,43
43,@BBC,Wed May 20 18:53:15 +0000 2020,"For details of organisations which offer advice and support with mental health, go online to https://t.co/rWDj404Gvz",0.4019,0.153,0.847,0.0,44
44,@BBC,Wed May 20 18:01:00 +0000 2020,.@DavidHarewood revisits a psychotic episode which saw him restrained by six police officers and sedated by hospita‚Ä¶ https://t.co/BTx6ZDUy95,0.0,0.0,1.0,0.0,45
45,@BBC,Wed May 20 16:01:00 +0000 2020,"As our lives get more complicated, simple things become more precious. üíô 

@BelugaLagoon #MentalHealth
https://t.co/GePHVoevCo",0.6115,0.21,0.79,0.0,46
46,@BBC,Wed May 20 14:01:51 +0000 2020,More information about the range of programming about mental health across the BBC: https://t.co/9Z8jrQrIck,0.0,0.0,1.0,0.0,47
47,@BBC,Wed May 20 14:01:00 +0000 2020,"Whether you‚Äôve been together for 8 weeks or 8 years, every relationship's under pressure in lockdown.

Relationship‚Ä¶ https://t.co/s0Li4RyHQC",-0.296,0.0,0.885,0.115,48
48,@BBC,Wed May 20 13:07:13 +0000 2020,"RT @bbcthree: Roses are red, #ThisCountry is great
We liked this joke so much we made eight https://t.co/MAldf6mtRP",0.8555,0.385,0.615,0.0,49
49,@BBC,Wed May 20 12:01:00 +0000 2020,"These scientists are working hard to develop a safe vaccine for COVID-19.

Coronavirus: A #Horizon Special - Part 2‚Ä¶ https://t.co/KuHyZAO8lN",0.6369,0.233,0.708,0.058,50
50,@BBC,Wed May 20 10:15:46 +0000 2020,"RT @bbcpress: Want to watch and listen to your favourite BBC programmes with your friends and family? @BBCRD have created #BBCTogether, all‚Ä¶",0.6597,0.252,0.748,0.0,51
51,@BBC,Wed May 20 09:11:49 +0000 2020,"Congratulations to @captaintommoore, who will soon be #SirCaptainTom!

It's been announced that he is to be knighte‚Ä¶ https://t.co/6xdhv4jtUs",0.636,0.198,0.802,0.0,52
52,@BBC,Wed May 20 08:51:42 +0000 2020,"For details of organisations which offer advice and support with mental health, go online to https://t.co/rWDj404Gvz",0.4019,0.153,0.847,0.0,53
53,@BBC,Wed May 20 08:01:00 +0000 2020,"Why do some people get depressed?

The jam jar analogy is a helpful way of understanding why some people suffer fro‚Ä¶ https://t.co/75Q9czfKIA",-0.6124,0.098,0.664,0.238,54
54,@BBC,Wed May 20 07:43:00 +0000 2020,"Which record always soothes you?

@bbc6music asked some of their favourite acts this very question. Listen to Handp‚Ä¶ https://t.co/APmZCDe2Zh",0.0,0.0,1.0,0.0,55
55,@BBC,Tue May 19 19:01:00 +0000 2020,"In Part 2 of the #Horizon Coronavirus Specials, @DoctorChrisVT, @FryRsquared and Dr Michael Mosley examine the late‚Ä¶ https://t.co/wdBx30pEPb",0.0,0.0,1.0,0.0,56
56,@BBC,Tue May 19 17:01:00 +0000 2020,"This is what kids in 1986 thought the year 2020 would be like... accurate?  ü§î
https://t.co/bFIdDYdqxS",0.3612,0.135,0.865,0.0,57
57,@BBC,Tue May 19 16:23:53 +0000 2020,"RT @BBC6Music: Which record always soothes you?

We asked a few of our favourite acts this very question. Listen to Handpicked, The Morning‚Ä¶",0.0,0.0,1.0,0.0,58
58,@BBC,Tue May 19 16:02:38 +0000 2020,"For details of organisations which offer advice and support with mental health, go online to https://t.co/rWDj404Gvz",0.4019,0.153,0.847,0.0,59
59,@BBC,Tue May 19 16:01:00 +0000 2020,"""The reason we're here is that we've both come close to killing ourselves"". 

@ChrisGPackham met Joe Harkness to ta‚Ä¶ https://t.co/x9M7WHZORr",-0.6597,0.0,0.812,0.188,60
60,@BBC,Tue May 19 14:08:41 +0000 2020,".@MicahRichards talks about why speaking about your feelings is a strength, not a weakness. 

@OpenUniversity‚Ä¶ https://t.co/rdqd4H0tsL",0.6738,0.283,0.717,0.0,61
61,@BBC,Tue May 19 13:08:22 +0000 2020,RT @bbcpress: This Thursday join the BBC and @UN for the #CreativeDiversity Dialogue to mark #InternationalDiversityDay on @LinkedIn Live w‚Ä¶,0.296,0.104,0.896,0.0,62
62,@BBC,Tue May 19 11:16:29 +0000 2020,"RT @bbcpress: #TheNest is the biggest new BBC drama of the year so far, averaging 9m viewers. See what you're missing on @BBCiPlayer: https‚Ä¶",-0.296,0.0,0.913,0.087,63
63,@BBC,Tue May 19 11:01:00 +0000 2020,"No primates have gone extinct in the last 100 years... but that could change.

#Primates is streaming now on‚Ä¶ https://t.co/pHilRWb7Jn",-0.1531,0.0,0.922,0.078,64
64,@BBC,Tue May 19 08:28:41 +0000 2020,"RT @bbcbitesize: This week is #MentalHealthAwarenessWeek and the theme this year is #kindnessüë´üíõ

Now more than ever, being kind to our frie‚Ä¶",0.7506,0.192,0.808,0.0,65
65,@BBC,Tue May 19 08:27:35 +0000 2020,"RT @bbcbitesize: Morning team ‚õÖÔ∏è

üì∫ Today's subjects for #BBCBitesizeDaily from 9am on BBCiPlayer and Red Button üëâ https://t.co/zZOO8l1o53‚Ä¶",0.0,0.0,1.0,0.0,66
66,@BBC,Tue May 19 08:27:13 +0000 2020,"RT @BBCWomansHour: Kindness and #MentalHealthAwarenessWeek üéß ‚ñ∂ Lucy Thorpe, Head of Policy @mentalhealth on changing society for the better‚Ä¶",0.6597,0.231,0.769,0.0,67
67,@BBC,Tue May 19 08:01:00 +0000 2020,"""The person that I'm bringing in today lives with anxiety.""

How a teacher surprised his class by opening up about‚Ä¶ https://t.co/Sq8N63Sivx",0.0516,0.084,0.841,0.075,68
68,@BBC,Mon May 18 17:03:27 +0000 2020,"For details of organisations which offer advice and support with mental health, go online to https://t.co/rWDj404Gvz",0.4019,0.153,0.847,0.0,69
69,@BBC,Mon May 18 17:02:37 +0000 2020,"Mental health issues can affect any one of us.

For a range of programmes to help start your conversation go to‚Ä¶ https://t.co/KkuxY6eRoU",0.4019,0.114,0.886,0.0,70
70,@BBC,Mon May 18 14:01:00 +0000 2020,What is toxic productivity? @Dr_Julie_Smith is here to give you the lowdown on this lockdown phenomenon.‚Ä¶ https://t.co/OBIbe4btQf,-0.2023,0.0,0.899,0.101,71
71,@BBC,Mon May 18 13:27:29 +0000 2020,"Cereal bar massage technician = new dream job! ü•£

#InsideTheFactory

https://t.co/55Gp0EDlvW",0.3164,0.16,0.84,0.0,72
72,@BBC,Mon May 18 13:00:01 +0000 2020,"Ian Fletcher, BBC Head of Values (@hughbon), with support from the @BBCCO, gives a one-off address from his lockdow‚Ä¶ https://t.co/eRhyFpj6va",0.6597,0.231,0.769,0.0,73
73,@BBC,Mon May 18 12:01:00 +0000 2020,#MentalHealth conditions often have invisible symptoms. Can VR help people express what's going on inside their hea‚Ä¶ https://t.co/dGFA6mDOSL,0.4019,0.137,0.863,0.0,74
74,@BBC,Mon May 18 12:00:56 +0000 2020,@ITV @Channel4 @bbcthree @skytv @channel5_tv @davechannel @ComedyCentralUK @MTVUK @UKTV Sending virtual hugs ü§ó https://t.co/WaxCsGhWTq,0.7184,0.316,0.684,0.0,75
75,@BBC,Mon May 18 10:07:39 +0000 2020,"‚ÄúYou are not alone.‚Äù

Radio stations across the UK have joined together for the #MentalHealthMinute - featuring The‚Ä¶ https://t.co/QiYPiThw1n",0.0,0.0,1.0,0.0,76
76,@BBC,Mon May 18 08:01:00 +0000 2020,"‚ù§Ô∏è @mescal_paul: ""Say that you love them, listen and be joyous in their company."" 

If you're Obsessed with‚Ä¶ https://t.co/hhXUANbVbr",0.8225,0.307,0.63,0.063,77
77,@BBC,Mon May 18 07:58:28 +0000 2020,"RT @bbcbitesize: Tomorrow is the start of #MentalHealthAwarenessWeek 2020 and this year it's all about #Kindness üß°

Here is your 7 day chal‚Ä¶",0.4588,0.115,0.885,0.0,78
78,@BBC,Mon May 18 07:53:59 +0000 2020,"Want to get fit during lockdown? #CouchTo5K could be for you.

üèÉ‚Äç‚ôÄÔ∏èThe app will get you running 5K in nine weeks (e‚Ä¶ https://t.co/TH3etAf4fy",0.4215,0.137,0.863,0.0,79
79,@BBC,Mon May 18 07:01:10 +0000 2020,"RT @bbcarts: Thank you for coming to #WoWxBBC and for your enthusiasm. We hope you leave the virtual festival inquisitive, inspired and gal‚Ä¶",0.9349,0.488,0.476,0.036,80
80,@BBC,Sun May 17 18:59:07 +0000 2020,If you want to keep the #Eurovision fun going - you need to watch The A-Z of Eurovision with @rylan on @bbciplayer!‚Ä¶ https://t.co/Jk5u0826M5,0.5983,0.189,0.811,0.0,81
81,@BBC,Sun May 17 13:01:00 +0000 2020,"Every #Eurovision winner of the past 25 years! Which is your favourite..? ü§î‚ú®

#Eurovision2020 

https://t.co/u2eeQL8UCx",0.75,0.299,0.701,0.0,82
82,@BBC,Sun May 17 13:01:00 +0000 2020,"""The chain will always be more popular than I am."" üòÇ

@bbcthree's #NormalPeople star @mescal_paul tells @BBCR1 abou‚Ä¶ https://t.co/RYBiXdpfX2",0.7178,0.239,0.695,0.066,83
83,@BBC,Sun May 17 10:01:00 +0000 2020,"There's lots more deleted #ThisCountry scene on their way from @bbcthree... 

Here's one: Kurtan shows Kerry and th‚Ä¶ https://t.co/Bw8swPdAIr",0.0,0.0,1.0,0.0,84
84,@BBC,Sat May 16 18:01:00 +0000 2020,#Eurovision: Europe Shine a Light celebrates all 41 songs that would have competed in the #Eurovision2020 contest.‚Ä¶ https://t.co/7MwKNGco95,0.5719,0.179,0.821,0.0,85
85,@BBC,Sat May 16 16:01:00 +0000 2020,#Eurovision2020 may not be going ahead as planned tonight - but @grahnort will give viewers the chance to vote for‚Ä¶ https://t.co/sHsYMyLJ2h,0.3612,0.111,0.889,0.0,86
86,@BBC,Sat May 16 14:00:01 +0000 2020,Join HRH The Duke of Cambridge as he aims to break the stigma around men's mental health.‚Ä¶ https://t.co/HrlPnCxv1b,0.296,0.115,0.885,0.0,87
87,@BBC,Sat May 16 11:01:00 +0000 2020,"What‚Äôs the point of noses? üëÉ
https://t.co/OpTlYow0AA",0.0,0.0,1.0,0.0,88
88,@BBC,Sat May 16 10:01:00 +0000 2020,"How well do you know your 90s #Eurovision trivia? Take the quiz from @bbcradio2!  üï∫üé∂

üëâ https://t.co/ennQoFUY6z https://t.co/1snG9TaY0a",0.3382,0.094,0.906,0.0,89
89,@BBC,Sat May 16 07:39:10 +0000 2020,RT @bbcarts: Enjoy a Saturday morning stretch and ease into the #WOWxBBC Festival with basketball player and spoken word poet @AsmaElbadawi‚Ä¶,0.836,0.331,0.669,0.0,90
90,@BBC,Sat May 16 07:39:07 +0000 2020,"RT @bbceurovision: REST OF WORLD: SATURDAY

EUROPE AND AUSTRALIA: https://t.co/Tgz3Dku91B",0.0,0.0,1.0,0.0,91
91,@BBC,Sat May 16 07:26:19 +0000 2020,"It's the #WOWxBBC Festival this weekend. And the line-up is incredible. 

Today @JuliaGillard on leadership,‚Ä¶ https://t.co/3PbWr0qnBF",0.4939,0.176,0.824,0.0,92
92,@BBC,Fri May 15 19:01:00 +0000 2020,"It's another all-star lineup on @grahnort's sofa tonight!

‚ú®Will Ferrell
‚ú®@mermhart
‚ú®@MarkRuffalo
‚ú®@mescal_paul
‚ú®‚Ä¶ https://t.co/4oCgTIUbHd",0.0,0.0,1.0,0.0,93
93,@BBC,Fri May 15 18:01:00 +0000 2020,"Brand new #LaterJools starts tonight!  üôå

Jools chats to @QueensChristine from her base in Paris, and singer-songwr‚Ä¶ https://t.co/HYGCzBJheJ",0.0,0.0,1.0,0.0,94
94,@BBC,Fri May 15 17:26:23 +0000 2020,"RT @BBCLater: ""If I'm brutally honest with you, this is my favourite performance ever done on TV by any artist...""

High praise from @Queen‚Ä¶",0.4404,0.216,0.658,0.125,95
95,@BBC,Fri May 15 17:24:43 +0000 2020,#HealthCheckUKLive is streaming now on @bbciplayer.    https://t.co/f7VedVNpQK,0.0,0.0,1.0,0.0,96
96,@BBC,Fri May 15 17:24:03 +0000 2020,"With gyms closed, and heavy items like dumbbells difficult to get delivered - @russell_kane has a great tip for kee‚Ä¶ https://t.co/0xy6teCxa4",0.5994,0.242,0.623,0.136,97
97,@BBC,Fri May 15 14:56:41 +0000 2020,RT @BBCTheOneShow: .@normalpeoplebbc's @daisyedgarjones and @mescal_paul will be on the show on Monday and we want to ask them your Normal‚Ä¶,0.0772,0.061,0.939,0.0,98
98,@BBC,Fri May 15 14:07:12 +0000 2020,"RT @HackerTDog: Do you miss Iain and Hacker? Well, we were reunited for one night only cockers. See the whole shambolic film here:
https://‚Ä¶",0.128,0.082,0.856,0.062,99
99,@BBC,Fri May 15 11:01:00 +0000 2020,"It may seem simple, but there are important things to remember about safely putting on and taking off a face coveri‚Ä¶ https://t.co/F4oYPNBA15",0.7579,0.245,0.755,0.0,100
100,@CBS,Sat May 23 22:55:00 +0000 2020,We can't watch Titanic on #CBSMovieNight until tomorrow at 7/6c on CBS but our heart will go on listening to‚Ä¶ https://t.co/CyJZGhcyV8,0.0,0.0,1.0,0.0,1
101,@CBS,Sat May 23 16:02:00 +0000 2020,CBS Sunday Night Movies is presenting Titanic and we feel like the king of the world. The fun starts TOMORROW at 7/‚Ä¶ https://t.co/4J6faCXCwc,0.7003,0.216,0.784,0.0,2
102,@CBS,Sat May 23 14:52:09 +0000 2020,"RT @CBSSunday: This week #SundayMorning was nominated for ""Outstanding Morning Show"" for the 47th Daytime Emmy Awards

Congratulations to o‚Ä¶",0.8979,0.391,0.609,0.0,3
103,@CBS,Sat May 23 00:13:01 +0000 2020,"RT @CBSEveningNews: ON THE ROAD: Since Memorial Day parades and gatherings are cancelled, @SteveHartmanCBS has a patriotic request: he‚Äôs ca‚Ä¶",-0.25,0.0,0.905,0.095,4
104,@CBS,Fri May 22 23:00:00 +0000 2020,Set sail with a classic this holiday weekend when #CBSMovieNight airs Titanic this Sunday at 7pm/6c on CBS and‚Ä¶ https://t.co/IdwJTHWHSJ,0.481,0.141,0.859,0.0,5
105,@CBS,Fri May 22 22:14:52 +0000 2020,Don't miss @EBraeden and more in #CBSMovieNight's presentation of Titanic this Sunday at 7/6c on CBS. https://t.co/sIpf7M2WnR,0.1139,0.083,0.917,0.0,6
106,@CBS,Fri May 22 22:06:06 +0000 2020,"In one week, you can turn DIY hairDON‚ÄôTs into hairDO‚Äôs with Haircut Night in America hosted by @RebeccaRomijn and‚Ä¶ https://t.co/E48fmRaQl4",0.0,0.0,1.0,0.0,7
107,@CBS,Fri May 22 21:29:51 +0000 2020,"Let‚Äôs see your lip sync skills in action. Your favorite moments from #CBSMovieNight, like this Sunday's Titanic, ar‚Ä¶ https://t.co/LCtejpU0Tv",0.6705,0.244,0.756,0.0,8
108,@CBS,Fri May 22 21:13:27 +0000 2020,"RT @CBSAllAccess: Weekend plans are set:
‚úÖ Dive into an action-packed @SWATCBS
‚úÖ Catch up with @TheGoodFight's Christine Baranski on the @c‚Ä¶",0.0,0.0,1.0,0.0,9
109,@CBS,Fri May 22 20:24:19 +0000 2020,"Can Javier demonstrate his soccer skills? Well, if you insist. @Broke https://t.co/irknCnCdWw",-0.1779,0.141,0.671,0.188,10
110,@CBS,Fri May 22 19:36:10 +0000 2020,RT @johnkrasinski: Wow who can believe when we started this thing together we all just wanted good news to be more fully represented in our‚Ä¶,0.7717,0.226,0.774,0.0,11
111,@CBS,Fri May 22 19:35:55 +0000 2020,"RT @CBSNews: ""On @johnkrasinski‚Äôs very first episode of @somegoodnews, he asked why has there never been a news show dedicated entirely to‚Ä¶",0.4588,0.125,0.875,0.0,12
112,@CBS,Fri May 22 18:43:48 +0000 2020,RT @ALOTO: üá∫üá∏ The brand new series of Game On! premieres on @CBS in the US on 27th May. The series is based on A League of their Own and is‚Ä¶,0.0,0.0,1.0,0.0,13
113,@CBS,Fri May 22 17:46:46 +0000 2020,RT @ViacomCBS: This week‚Äôs @CBS Sunday Movie Night feature is @TitanicMovie. How is this @TheAcademy winner connected to another @Paramount‚Ä¶,0.5859,0.167,0.833,0.0,14
114,@CBS,Fri May 22 17:31:01 +0000 2020,"Watch the @gameon premiere Wednesday, May 27 at 8/7c on CBS and @CBSAllAccess. https://t.co/rp86h4uq4P",0.0,0.0,1.0,0.0,15
115,@CBS,Fri May 22 17:19:46 +0000 2020,"RT @TheTalkCBS: .@CBS continues CBS Sunday night at the movies with the beloved film ‚ÄúTitanic,‚Äù which debuted in theaters two decades ago b‚Ä¶",0.5106,0.13,0.87,0.0,16
116,@CBS,Fri May 22 00:34:02 +0000 2020,"RT @MATTHEWHOFFMAN1: Tonight would have been the launch of @loveislandusa Season 2. I cannot wait to return to that padded, windowless room‚Ä¶",0.0,0.0,1.0,0.0,17
117,@CBS,Thu May 21 23:34:19 +0000 2020,"RT @CBSInnovationTV: üéâ #InnovationNation is nominated for THREE @DaytimeEmmys!

We can't contain our excitement &amp; want to send a huge THANK‚Ä¶",0.4523,0.242,0.661,0.097,18
118,@CBS,Thu May 21 23:33:17 +0000 2020,"RT @latelateshow: On tonight's show, @RobGronkowski reveals the phone call with @tombrady that convinced him to return to the NFL üëÄ

Plus @‚Ä¶",0.4019,0.109,0.891,0.0,19
119,@CBS,Thu May 21 23:27:28 +0000 2020,RT @RealRonHoward: If you haven‚Äôt watched @68Whiskey yet - this should be your next series binge! @CBSAllAccess https://t.co/lB6TPbZr5W,0.0,0.0,1.0,0.0,20
120,@CBS,Thu May 21 22:03:25 +0000 2020,RT @broke: And we're LIVE! Join us on the @CBS Facebook right now for #JaimesHappyHour with @JaimeCamil and @IanKarmel from @latelateshow a‚Ä¶,-0.2244,0.087,0.791,0.122,21
121,@CBS,Thu May 21 21:41:12 +0000 2020,"RT @Venuseswilliams: What have I gotten myself into?! Check out the @GameOn premiere next week on @CBS!¬†¬†üëÄ@RobGronkowski, @KeeganMKey, @Bob‚Ä¶",0.0,0.0,1.0,0.0,22
122,@CBS,Thu May 21 21:16:30 +0000 2020,"Stay cool this summer with these summer essentials from the CBS Store. Shop water bottles, tanks, and more now:‚Ä¶ https://t.co/IJGW2WKDQO",0.3182,0.108,0.892,0.0,23
123,@CBS,Thu May 21 19:09:57 +0000 2020,RT @joshgroban: I‚Äôll be on @CBSSunday this Sunday morning and doing a Facebook Live chat right after. I love this show and I‚Äôm so happy to‚Ä¶,0.8733,0.271,0.729,0.0,24
124,@CBS,Thu May 21 19:01:53 +0000 2020,"RT @letsmakeadeal: Wow, congrats @WayneBrady! üòç https://t.co/23XI16Wjyv",0.8883,0.6,0.4,0.0,25
125,@CBS,Thu May 21 19:01:16 +0000 2020,RT @BandB_CBS: Congratulations are in order for the #BoldandBeautiful nominees! üí´ Let's give these stars some love for their #DaytimeEmmy n‚Ä¶,0.8172,0.297,0.636,0.067,26
126,@CBS,Thu May 21 19:01:07 +0000 2020,RT @PriceIsRight: Thank you for the nomination! ü§óüôè https://t.co/7wzVmph9NC,0.68,0.359,0.641,0.0,27
127,@CBS,Thu May 21 18:59:16 +0000 2020,RT @YandR_CBS: Please join us in congratulating these outstanding #YR #DaytimeEmmy nominees! üèÜ Don't miss their big night June 26th only on‚Ä¶,0.8495,0.363,0.637,0.0,28
128,@CBS,Thu May 21 18:58:56 +0000 2020,"RT @TheTalkCBS: Join us in congratulating THE TALK hosts and hard-working crew of @thetalkcbs on 6 @DaytimeEmmys nominations, including OUT‚Ä¶",0.296,0.104,0.896,0.0,29
129,@CBS,Thu May 21 18:56:56 +0000 2020,CBS leads the #DaytimeEmmyAward nominations with 70. Don‚Äôt miss the 47th ANNUAL DAYTIME EMMY¬Æ AWARDS when it return‚Ä¶ https://t.co/Vn1r7YbPHN,0.4824,0.16,0.771,0.069,30
130,@CBS,Thu May 21 18:02:17 +0000 2020,"@MrJerryOC @CBSAllAccess @RebeccaRomijn @PKSubban1 @lindseyvonn @KellyOsbourne We believe in you, Jerry. Also we re‚Ä¶ https://t.co/9rWEtYLe39",0.0,0.0,1.0,0.0,31
131,@CBS,Thu May 21 17:56:58 +0000 2020,RT @MrJerryOC: HAIRCUT NIGHT IN AMERICA 10/29 @CBS @CBSAllAccess Really hope I don't burn @RebeccaRomijn hair off. @PKSubban1 @lindseyvonn‚Ä¶,0.4927,0.151,0.849,0.0,32
132,@CBS,Thu May 21 17:06:50 +0000 2020,".@MrJerryOC &amp; @RebeccaRomijn host HAIRCUT NIGHT IN AMERICA, featuring America‚Äôs top hair stylists in an at-home DIY‚Ä¶ https://t.co/QqLsEFwaZh",0.2023,0.096,0.904,0.0,33
133,@CBS,Thu May 21 00:03:38 +0000 2020,‚úã https://t.co/SAa4W8JuVS,0.4939,0.615,0.385,0.0,34
134,@CBS,Wed May 20 23:55:32 +0000 2020,RT @NorahODonnell: A note about broadcasting in the era of COVID-19 https://t.co/oiYGv40JfS,0.0,0.0,1.0,0.0,35
135,@CBS,Wed May 20 23:28:57 +0000 2020,"We have a TV manifest posted for your weekend viewing pleasure. Join us for Titanic on #CBSMovieNight, which sets s‚Ä¶ https://t.co/DYyqXFhgg5",0.7096,0.237,0.763,0.0,36
136,@CBS,Wed May 20 21:54:45 +0000 2020,"RT @CBSAllAccess: The Stand is coming. Get your first look at @WhoopiGoldberg as Mother Abigail, Alexander Skarsg√•rd as Randall Flagg, and‚Ä¶",0.0,0.0,1.0,0.0,37
137,@CBS,Wed May 20 21:18:09 +0000 2020,RT @swatcbs: It's all good. Stream #SWAT tonight at 10/9c on @CBS and @CBSAllAccess: https://t.co/ANyt4qWHHf https://t.co/kVC92p7CjT,0.4404,0.162,0.838,0.0,38
138,@CBS,Wed May 20 20:38:30 +0000 2020,RT @BandB_CBS: The next two years just got even more #BoldandBeautiful! üíô B&amp;B has officially been renewed for two more seasons. Learn more‚Ä¶,0.0,0.0,1.0,0.0,39
139,@CBS,Wed May 20 20:22:21 +0000 2020,Watching Titanic on #CBSMovieNight with your own Jack or Rose from afar this weekend? Feel like KING OF THE WORLD w‚Ä¶ https://t.co/lodYy2MQUs,0.3612,0.106,0.894,0.0,40
140,@CBS,Wed May 20 18:55:21 +0000 2020,"RT @THR: After streaming online the past four years, the Daytime Emmys will air on CBS this June https://t.co/fyPW7WutcC",0.0,0.0,1.0,0.0,41
141,@CBS,Wed May 20 18:54:34 +0000 2020,"RT @Variety: CBS to Air Daytime Emmys, Which Returns to TV for the First Time in Five¬†Years https://t.co/OyMqqvHCG5",0.0,0.0,1.0,0.0,42
142,@CBS,Wed May 20 18:53:17 +0000 2020,RT @TVLine: 2020 #DaytimeEmmys to Air on CBS in June; Winners and Guests Will Appear Remotely https://t.co/WViG7EI7t7,0.4767,0.162,0.838,0.0,43
143,@CBS,Wed May 20 18:53:08 +0000 2020,RT @DEADLINE: Daytime Emmys To Air Live Virtual Ceremony On CBS In June; Nominations Coming Thursday https://t.co/Wz1GdJhdhI https://t.co/r‚Ä¶,0.0,0.0,1.0,0.0,44
144,@CBS,Wed May 20 18:52:42 +0000 2020,RT @EW: CBS is bringing back the Daytime Emmys to broadcast TV https://t.co/r30Ziw6Tvn,0.0,0.0,1.0,0.0,45
145,@CBS,Wed May 20 18:30:35 +0000 2020,"Big announcement on @TheTalkCBS today: The 47th ANNUAL DAYTIME EMMY¬Æ AWARDS will return to CBS Friday, June 26 at 8‚Ä¶ https://t.co/gPmy1Gi0Rb",0.5766,0.151,0.849,0.0,46
146,@CBS,Wed May 20 17:03:13 +0000 2020,Celebrate #AsianPacificAmericanHeritageMonth with @NCISLA's @DanielaRuah and CBS. https://t.co/Wu5JFKLcWN,0.5719,0.346,0.654,0.0,47
147,@CBS,Wed May 20 13:35:21 +0000 2020,"RT @CBSThisMorning: One year ago today, @GayleKing, @AnthonyMasonCBS and @TonyDokoupil started anchoring together on @CBSThisMorning!  

@V‚Ä¶",0.0,0.0,1.0,0.0,48
148,@CBS,Wed May 20 13:32:38 +0000 2020,RT @TheUnicornCBS: Anybody catch @Jeopardy tonight? üëÄ https://t.co/SsiHX1n2J0,-0.4767,0.0,0.693,0.307,49
149,@CBS,Tue May 19 23:32:03 +0000 2020,Let us help you make plans for later this year with the  2020-2021 CBS Primetime Schedule. https://t.co/hvQ3WEaevR https://t.co/4LqNExzIiX,0.4019,0.137,0.863,0.0,50
150,@CBS,Tue May 19 23:21:22 +0000 2020,RT @IAMQUEENLATIFAH: I am so excited to be joining the @cbs family as The Equalizer! Coming to your screens Sundays at 8pm this Fall! #TheE‚Ä¶,0.5719,0.134,0.866,0.0,51
151,@CBS,Tue May 19 22:25:51 +0000 2020,"RT @gameon: Elite athletes. Epic challenges. #GameOn premieres Wednesday, May 27 at 8/7c on CBS! https://t.co/j9K1BntSe3",0.1511,0.096,0.904,0.0,52
152,@CBS,Tue May 19 21:24:45 +0000 2020,RT @CBSAllAccess: A fresh show has just hit CBS All Access. Every episode of the military drama 68 Whiskey is ready to binge! #68WhiskeyTV‚Ä¶,0.6239,0.188,0.812,0.0,53
153,@CBS,Tue May 19 21:22:58 +0000 2020,RT @hicusick: Back in the fall!!! @macgyvercbs https://t.co/1iKgk8qQgm,0.0,0.0,1.0,0.0,54
154,@CBS,Tue May 19 21:22:50 +0000 2020,RT @TVGuide: Here's @CBS's Fall 2020 tv schedule https://t.co/YReZdRvytW https://t.co/N6dvcNdlkc,0.0,0.0,1.0,0.0,55
155,@CBS,Tue May 19 21:22:34 +0000 2020,RT @Cudlitz: #Clarice is coming to @cbs. Could not be more proud of this talented group. @Alex_Kurtzman #jennylemut @BecEBreeds @kalpenn #n‚Ä¶,0.1354,0.132,0.758,0.111,56
156,@CBS,Tue May 19 19:25:24 +0000 2020,"Acclaimed Executive Producers @Alex_Kurtzman and Jenny Lumet talk about their new drama #Clarice, coming soon to CB‚Ä¶ https://t.co/BMEBRizKOg",0.0,0.0,1.0,0.0,57
157,@CBS,Tue May 19 19:24:12 +0000 2020,"Before #TheEqualizer joins the New 2020-2021 CBS Primetime Schedule, Executive Producer and Star @QueenLatifah and‚Ä¶ https://t.co/2zZH1GMzJY",0.0,0.0,1.0,0.0,58
158,@CBS,Tue May 19 19:20:33 +0000 2020,"From Executive Producers Chuck Lorre and Marco Pennette comes #BPositive, a new CBS comedy about getting a life. https://t.co/6hzgboonZT",0.3612,0.122,0.878,0.0,59
159,@CBS,Tue May 19 19:19:00 +0000 2020,We're so excited to share the New 2020-2021 CBS Primetime Schedule with you. For more information about the new lin‚Ä¶ https://t.co/6QD5FgFHrg,0.6318,0.213,0.787,0.0,60
160,@CBS,Tue May 19 18:04:08 +0000 2020,RT @thegoodfight: Psst... Hey! Have a friend who still hasn't seen #TheGoodFight? Now's the time to change that with a one month free trial‚Ä¶,0.7777,0.236,0.764,0.0,61
161,@CBS,Mon May 18 23:55:17 +0000 2020,RT @TheTalkCBS: The hosts play a quarantine ‚ÄúQuickie Deals‚Äù version of @letsmakeadeal with @WayneBrady and Jonathan Mangum (@Mangum1) and d‚Ä¶,0.34,0.112,0.888,0.0,62
162,@CBS,Mon May 18 23:26:20 +0000 2020,"Near, far, wherever you are, #CBSMovieNight has Titanic this week. We set sail this Sunday at 7pm/6c on CBS and‚Ä¶ https://t.co/dREVRylekC",0.0,0.0,1.0,0.0,63
163,@CBS,Mon May 18 21:31:17 +0000 2020,"RT @broke: On this week's new #JaimesHappyHour, #Broke's @JaimeCamil welcomes the hilarious @IanKarmel from the new CBS show @GameOn and Th‚Ä¶",0.3818,0.206,0.687,0.107,64
164,@CBS,Mon May 18 20:24:16 +0000 2020,"As we continue to experience these strange times, remember to stay connected. #AloneTogether https://t.co/49hz15cO3k",-0.2023,0.0,0.878,0.122,65
165,@CBS,Mon May 18 02:30:07 +0000 2020,"Thanks for watching #MissionImpossible with us. Tune in Sunday, May 24 at 7/6c for next week's #CBSMovieNight, Tita‚Ä¶ https://t.co/osqY9RXH1s",0.4404,0.139,0.861,0.0,66
166,@CBS,Mon May 18 02:29:48 +0000 2020,"Same, after watching all that action. #CBSMovieNight https://t.co/tR8HSjj8hj",0.0,0.0,1.0,0.0,67
167,@CBS,Mon May 18 02:25:21 +0000 2020,It's the conductor's last day before retirement. He doesn't have time for this. #CBSMovieNight https://t.co/Wtp9kNz3pN,0.0,0.0,1.0,0.0,68
168,@CBS,Mon May 18 02:24:23 +0000 2020,We love an old-timey chunnel pursuit sequence. What's your favorite stunt from the #MissionImpossible movies?‚Ä¶ https://t.co/xWVTWHQWFT,0.802,0.34,0.66,0.0,69
169,@CBS,Mon May 18 02:22:40 +0000 2020,"How we remember our commute

#CBSMovieNight https://t.co/68aYfEZWKx",0.0,0.0,1.0,0.0,70
170,@CBS,Mon May 18 02:07:30 +0000 2020,@JohnGumm @Bob_Herzog @Local12 @dopplertim @TomCruise There's still time. https://t.co/5CBa38hzbR,0.0,0.0,1.0,0.0,71
171,@CBS,Mon May 18 02:05:47 +0000 2020,"@TeamRickandIlsa Especially the tall, bearded Russian guy in the beginning of the movie! üòâ #CBSMovieNight",0.0,0.0,1.0,0.0,72
172,@CBS,Mon May 18 02:04:50 +0000 2020,@ReparSandra We're in for the long haul! Just wait until Titanic next week.  üòä #CBSMovieNight https://t.co/CGB12ljHsk,0.7424,0.259,0.741,0.0,73
173,@CBS,Mon May 18 02:00:00 +0000 2020,"Inspired by another classic, THAT scene is even more iconic than you may have thought. #CBSMovieNight https://t.co/omQnD2D4Is",0.4939,0.167,0.833,0.0,74
174,@CBS,Mon May 18 01:59:24 +0000 2020,@CathyWanza We remember (but we're like 90). üòâ https://t.co/RwBgd4LnPe,0.5023,0.265,0.735,0.0,75
175,@CBS,Mon May 18 01:50:11 +0000 2020,@MrPEC_Tacular https://t.co/F0WOmcacKQ,0.0,0.0,1.0,0.0,76
176,@CBS,Mon May 18 01:38:38 +0000 2020,"When you discover you're out of hand sanitizer 

#CBSMovieNight https://t.co/FUX8jo5HCJ",0.4939,0.262,0.738,0.0,77
177,@CBS,Mon May 18 01:37:18 +0000 2020,"Does anyone have this level of core strength at this point of the quarantine? OK, probably @TomCruise.‚Ä¶ https://t.co/SPsnWXT2Mw",0.4939,0.158,0.842,0.0,78
178,@CBS,Mon May 18 01:35:41 +0000 2020,"To be honest, didn't we all have this look of anxiety when working on computers in 1996? #CBSMovieNight https://t.co/yIPO3tL22I",0.3818,0.15,0.773,0.077,79
179,@CBS,Mon May 18 01:35:13 +0000 2020,It's weird to think that this is how we used to read email. #CBSMovieNight https://t.co/nz4CzzhGAu,-0.1779,0.0,0.892,0.108,80
180,@CBS,Mon May 18 01:22:49 +0000 2020,"Ethan's really cruising.

Oh, we see what we did there. #CBSMovieNight https://t.co/i89gn4sJud",0.0,0.0,1.0,0.0,81
181,@CBS,Mon May 18 01:21:19 +0000 2020,Pssh. Of course the answer is that Tom Cruise does his own stunts. üôÉ https://t.co/TfqO1dYXiX,0.0,0.0,1.0,0.0,82
182,@CBS,Mon May 18 01:02:10 +0000 2020,What we say when we encounter two doctors. (We'll see ourselves out.) #CBSMovieNight https://t.co/3w4ybsfFHh,0.0,0.0,1.0,0.0,83
183,@CBS,Mon May 18 01:00:18 +0000 2020,Who was Tom Cruise‚Äôs Stunt Double in #MissionImpossible? #CBSMovieNight,0.0,0.0,1.0,0.0,84
184,@CBS,Mon May 18 00:49:56 +0000 2020,"Remember when we had to type ""INTERNET ACCESS"" to log on to the internet? Neither do we. #CBSMovieNight https://t.co/qv9Z4bbKsw",0.0,0.0,1.0,0.0,85
185,@CBS,Mon May 18 00:47:35 +0000 2020,#TFW when you forget why you walked in this room. #CBSMovieNight https://t.co/kAEBGTWgQj,-0.2263,0.0,0.853,0.147,86
186,@CBS,Mon May 18 00:38:31 +0000 2020,"In the end, the aquarium restaurant tanked.

See @TomCruise talk to @etnow back in 1996 about the making of the res‚Ä¶ https://t.co/sC1Jch3raa",0.0,0.0,1.0,0.0,87
187,@CBS,Mon May 18 00:36:56 +0000 2020,"Logging into your tenth Zoom meeting of the day

#CBSMovieNight https://t.co/c7MJHMQiSX",0.0,0.0,1.0,0.0,88
188,@CBS,Mon May 18 00:35:35 +0000 2020,The correct answer was Job 314. https://t.co/ww4IP4Uc8L,0.0,0.0,1.0,0.0,89
189,@CBS,Mon May 18 00:30:11 +0000 2020,We bet today's spies dress more business casual. #CBSMovieNight https://t.co/H058l9jEsU,0.2682,0.188,0.812,0.0,90
190,@CBS,Mon May 18 00:30:00 +0000 2020,An all-time action film with a more stealthy take on the star of the show. #CBSMovieNight https://t.co/usLr0kv5t6,-0.101,0.0,0.92,0.08,91
191,@CBS,Mon May 18 00:24:17 +0000 2020,"@frid_barnabas Yeah, it is. üòä https://t.co/r9oxrfjTo6",0.802,0.539,0.461,0.0,92
192,@CBS,Mon May 18 00:23:16 +0000 2020,"RT @CBSAllAccess: Your mission, should you choose to accept it: join us to watch #MissionImpossible on @CBS and #CBSAllAccess LIVE! #CBSMov‚Ä¶",0.6239,0.211,0.789,0.0,93
193,@CBS,Mon May 18 00:15:28 +0000 2020,Ethan Hunt figures out the connection between a Bible verse and a hidden identity. What was the code name? #CBSMovieNight,0.0,0.0,1.0,0.0,94
194,@CBS,Mon May 18 00:13:45 +0000 2020,"Trying to determine which show you're going to binge next like

#CBSMovieNight https://t.co/ntVcicJdpz",0.3612,0.172,0.828,0.0,95
195,@CBS,Mon May 18 00:11:55 +0000 2020,"Stop trying to make ""Hasta lasagna, don't get any on ya"" happen, Jack. #CBSMovieNight https://t.co/3keX7hBadd",-0.296,0.0,0.864,0.136,96
196,@CBS,Mon May 18 00:09:26 +0000 2020,Mission: Adorable. And Deadly #CBSMovieNight https://t.co/i2cFUROtjD,0.4939,0.39,0.61,0.0,97
197,@CBS,Mon May 18 00:08:50 +0000 2020,"""We need to talk"" is a look. #CBSMovieNight https://t.co/Px2ToxbaXe",0.0,0.0,1.0,0.0,98
198,@CBS,Mon May 18 00:08:14 +0000 2020,This advice is what makes us such an effective spy while sheltering in place. #CBSMovieNight https://t.co/IVTcXsgriu,0.4767,0.171,0.829,0.0,99
199,@CBS,Mon May 18 00:06:27 +0000 2020,"When you listen to the #MissionImpossible theme song, but like, *really* listen to it.

Did you know this movie's v‚Ä¶ https://t.co/ssL56uTCUS",0.5023,0.14,0.86,0.0,100
200,@CNN,Sun May 24 00:45:05 +0000 2020,The nation's rental car companies are in deep trouble. And that's another blow for the already struggling auto indu‚Ä¶ https://t.co/Xn7k4t6hA5,-0.6705,0.0,0.766,0.234,1
201,@CNN,Sun May 24 00:30:05 +0000 2020,"""Look, I know your anger, but recusal was required by law. I did my duty &amp; you're damn fortunate I did. It protecte‚Ä¶ https://t.co/W1ah6yr711",-0.2617,0.125,0.683,0.192,2
202,@CNN,Sun May 24 00:21:01 +0000 2020,"Now that Ramadan has ended, Eid al-Fitr, one of the most festive holidays in Islam, will be a somber affair, just l‚Ä¶ https://t.co/sXqIRAgXyP",0.5222,0.213,0.69,0.097,3
203,@CNN,Sun May 24 00:15:03 +0000 2020,A 20-year-old man is facing assault and battery charges after a video surfaced of him attacking a 75-year-old man a‚Ä¶ https://t.co/5uAoqOidoh,-0.836,0.0,0.669,0.331,4
204,@CNN,Sun May 24 00:00:14 +0000 2020,A school surprised a little girl by including a photo of her service dog in the yearbook https://t.co/QUjNjAgEwH,0.2263,0.101,0.899,0.0,5
205,@CNN,Sat May 23 23:45:05 +0000 2020,Johnson &amp; Johnson is abandoning a product that it may be most identified with and has been selling for more than 10‚Ä¶ https://t.co/kdRV7MoVwf,-0.3818,0.0,0.894,0.106,6
206,@CNN,Sat May 23 23:30:07 +0000 2020,"Growing evidence suggests that Covid-19 infection, like with other illnesses, is related to prolonged time exposed‚Ä¶ https://t.co/Cp1QucqRWv",0.0,0.196,0.654,0.15,7
207,@CNN,Sat May 23 23:15:03 +0000 2020,Millions of cicadas are expected to emerge this year after 17 years underground https://t.co/f6GqE4iU7l,0.0,0.0,1.0,0.0,8
208,@CNN,Sat May 23 23:00:28 +0000 2020,A probing look into the stories behind the rise of the most infamous tabloid in American history. Witness the shock‚Ä¶ https://t.co/q4J6rLe7oI,0.0,0.0,1.0,0.0,9
209,@CNN,Sat May 23 22:46:02 +0000 2020,"An Oregon family got quite the surprise when one of their farm cats gave birth to a litter of six kittens, includin‚Ä¶ https://t.co/Cf2BCpn1EZ",0.3353,0.098,0.902,0.0,10
210,@CNN,Sat May 23 22:30:09 +0000 2020,New York Gov. Andrew Cuomo's office deflected questions about a report from The Associated Press that the state sen‚Ä¶ https://t.co/41aAeI39Zh,0.0,0.0,1.0,0.0,11
211,@CNN,Sat May 23 22:15:06 +0000 2020,"Without access to water and sanitation, basic precautions like handwashing are major challenges in parts of the dev‚Ä¶ https://t.co/qYZtdJCZMY",0.4754,0.194,0.806,0.0,12
212,@CNN,Sat May 23 22:00:08 +0000 2020,There may be hope yet for NBA fans. The NBA and the National Basketball Players Association are in talks with The W‚Ä¶ https://t.co/m6ADo9NMix,0.4404,0.116,0.884,0.0,13
213,@CNN,Sat May 23 21:45:04 +0000 2020,"A hairstylist worked while symptomatic and exposed 91 people to coronavirus, according to health officials. https://t.co/m1vLHbmXvL",-0.0772,0.0,0.92,0.08,14
214,@CNN,Sat May 23 21:30:03 +0000 2020,North Dakota Gov. Doug Burgum became emotional Friday as he pleaded with residents not to divide themselves over ma‚Ä¶ https://t.co/y3LqyibesY,0.1531,0.078,0.922,0.0,15
215,@CNN,Sat May 23 21:15:03 +0000 2020,"Sitting in marked socially distanced circles in parks, hugging through plastic, masks everywhere - this is our new‚Ä¶ https://t.co/IfCuEzMI5n",0.4215,0.135,0.865,0.0,16
216,@CNN,Sat May 23 21:01:08 +0000 2020,"Chief Justice John Roberts dedicated remarks to his son's graduating high school class to Covid-19, telling the sen‚Ä¶ https://t.co/JWAkmPJYvE",0.7506,0.274,0.726,0.0,17
217,@CNN,Sat May 23 20:52:04 +0000 2020,Trump's campaign is planning to launch a $1 million advertising attack centered around Biden's comment to a popular‚Ä¶ https://t.co/HetyHLQmgg,-0.4767,0.0,0.853,0.147,18
218,@CNN,Sat May 23 20:48:35 +0000 2020,"Americans took a small and cautious step to return to the skies this weekend, the start of the traditional summer t‚Ä¶ https://t.co/SJdY5nRqJV",-0.1027,0.0,0.938,0.062,19
219,@CNN,Sat May 23 20:41:03 +0000 2020,"President Trump was seen golfing at his Virginia club, marking his first visit to one of his golf properties since‚Ä¶ https://t.co/Vzujac3q0N",0.0,0.0,1.0,0.0,20
220,@CNN,Sat May 23 20:31:03 +0000 2020,"An Ohio teenager missing since Sunday has been found, the Highland County sheriff said
https://t.co/C82xzfjE3J",-0.296,0.0,0.864,0.136,21
221,@CNN,Sat May 23 20:20:03 +0000 2020,"During a recession, the cannabis industry's focus will be on the people who consider this good to be essential and‚Ä¶ https://t.co/TNF9FOGdj9",0.1469,0.134,0.755,0.111,22
222,@CNN,Sat May 23 20:15:47 +0000 2020,President Trump's visit to Arlington National Cemetery to commemorate Memorial Day is happening in spite of a plea‚Ä¶ https://t.co/7LJp3VoRbo,-0.5267,0.0,0.841,0.159,23
223,@CNN,Sat May 23 20:10:02 +0000 2020,Miami-Dade authorities have arrested and charged a woman in the death of her 9-year-old son with autism after they‚Ä¶ https://t.co/bs7xapTFx9,-0.8316,0.0,0.659,0.341,24
224,@CNN,Sat May 23 20:00:10 +0000 2020,A bald eagle is finally able to fly home after spending two months recovering from lead poisoning https://t.co/u9xUWmJuAH,-0.5859,0.0,0.817,0.183,25
225,@CNN,Sat May 23 19:53:06 +0000 2020,"There are some who say that if anyone is offended by Biden's latest comments, they aren't paying attention to what‚Ä¶ https://t.co/aq9IBmwZjO",-0.25,0.0,0.909,0.091,26
226,@CNN,Sat May 23 19:44:02 +0000 2020,"As doctors struggle valiantly to save lives, the country's President, Jair Bolsonaro, seems more focused on another‚Ä¶ https://t.co/cHB2zQelpP",0.5849,0.26,0.641,0.098,27
227,@CNN,Sat May 23 19:33:06 +0000 2020,"Texas Attorney General Ken Paxton, long at the forefront of Republican efforts to undo Obama-era policies through t‚Ä¶ https://t.co/j0HxtlXuWE",0.0,0.0,1.0,0.0,28
228,@CNN,Sat May 23 19:30:09 +0000 2020,"Sitting in marked socially distanced circles in parks, hugging through plastic, masks everywhere - this is our new‚Ä¶ https://t.co/E7Eq1NXxWR",0.4215,0.135,0.865,0.0,29
229,@CNN,Sat May 23 19:23:04 +0000 2020,"A 1-year-old chef is cooking up a storm on social media, with more than a million followers on Instagram tuning in‚Ä¶ https://t.co/0sJs1jxdBC",0.0,0.0,1.0,0.0,30
230,@CNN,Sat May 23 19:13:09 +0000 2020,"RT @CNNnewsroom: -What will classrooms look like in the fall?

-If you have one child who is immune-compromised, should all your kids stay‚Ä¶",0.3612,0.102,0.898,0.0,31
231,@CNN,Sat May 23 19:13:03 +0000 2020,"Federal officials issued warning letters to two groups this week, accusing them of selling fraudulent and unapprove‚Ä¶ https://t.co/vsQ3r5OXwI",-0.743,0.0,0.673,0.327,32
232,@CNN,Sat May 23 19:03:03 +0000 2020,"President Trump made another play to his base, declaring churches and houses of worship ""essential"" and sharply war‚Ä¶ https://t.co/jpizgOLVrp",0.5574,0.213,0.787,0.0,33
233,@CNN,Sat May 23 18:53:02 +0000 2020,The drop in air travel due to the Covid-19 pandemic has meant that Alaska's Anchorage International Airport has ove‚Ä¶ https://t.co/Zjxh9wFHR5,-0.2732,0.0,0.9,0.1,34
234,@CNN,Sat May 23 18:43:07 +0000 2020,"An ADHD coach and educator share how parents can help their kids thrive in remote learning, balance homeschooling w‚Ä¶ https://t.co/hA3LLO8U5M",0.5994,0.214,0.786,0.0,35
235,@CNN,Sat May 23 18:33:05 +0000 2020,"Georgia is definitely in play in the 2020 presidential election, even if it isn't as strong a pickup opportunity fo‚Ä¶ https://t.co/jtjAsgnCj3",0.6367,0.286,0.616,0.098,36
236,@CNN,Sat May 23 18:22:07 +0000 2020,"CNN talked to ""Top Chef"" and ""Mind of a Chef"" alum Ed Lee, who has restaurants in Louisville, Kentucky, and around‚Ä¶ https://t.co/kvzFo9hoTh",0.2023,0.079,0.921,0.0,37
237,@CNN,Sat May 23 18:12:04 +0000 2020,Thrift stores around the country are getting a deluge of donations from people who've had months to think about the‚Ä¶ https://t.co/0JoDb92LD2,0.0,0.0,1.0,0.0,38
238,@CNN,Sat May 23 18:00:13 +0000 2020,When do you think this pandemic began? Join @FareedZakaria to learn what he discovered. CNN Special Report ‚Äì China‚Äô‚Ä¶ https://t.co/dXMKBVAY2l,0.5994,0.214,0.786,0.0,39
239,@CNN,Sat May 23 17:54:04 +0000 2020,"Fred Yonnet offers a creative solution to unite his band, Frederic Yonnet and The Band with No Name, and play safel‚Ä¶ https://t.co/A2LZ3G0gm3",0.6597,0.273,0.647,0.079,40
240,@CNN,Sat May 23 17:44:03 +0000 2020,Joe Biden is adopting some of his former Democratic presidential primary rivals' best-known tactics as he seeks to‚Ä¶ https://t.co/4v8w8nyNnx,0.0,0.0,1.0,0.0,41
241,@CNN,Sat May 23 17:33:04 +0000 2020,"Astronomers have spotted a massive disk galaxy, not unlike our own, that formed 12.5 billion years ago when our 13.‚Ä¶ https://t.co/beAmiH1qxY",0.0,0.0,1.0,0.0,42
242,@CNN,Sat May 23 17:22:03 +0000 2020,Moderna's chief financial officer and chief medical officer executed options and sold nearly $30 million of shares‚Ä¶ https://t.co/2QPjrr7t0Z,0.0,0.0,1.0,0.0,43
243,@CNN,Sat May 23 17:18:46 +0000 2020,".@npwcnn goes inside one of Sao Paulo‚Äôs favelas, home to some of Brazil‚Äôs poorest areas, where emergency workers ar‚Ä¶ https://t.co/9P79S9BKbq",-0.7269,0.0,0.747,0.253,44
244,@CNN,Sat May 23 17:11:03 +0000 2020,NASA is seeking US citizens for an eight-month study on social isolation in preparation for missions to Mars and th‚Ä¶ https://t.co/pY4DONC6WN,-0.4019,0.0,0.881,0.119,45
245,@CNN,Sat May 23 17:00:15 +0000 2020,Nike has turned to King James to carry out its latest message about how sports can teach us a lot about hope and pe‚Ä¶ https://t.co/RMLbUOJBze,0.4404,0.108,0.892,0.0,46
246,@CNN,Sat May 23 16:44:06 +0000 2020,Rescue crews have retrieved the data recorder from the Pakistan International Airlines plane that crashed on Friday‚Ä¶ https://t.co/beFLms7RmX,0.5106,0.163,0.837,0.0,47
247,@CNN,Sat May 23 16:33:04 +0000 2020,Spandau Ballet front man and 1980s icon Tony Hadley has stepped in to solve a bizarre controversy erupting in Singa‚Ä¶ https://t.co/fj2XmQoYoX,-0.128,0.078,0.823,0.1,48
248,@CNN,Sat May 23 16:22:04 +0000 2020,"As Europe's beaches fill up with sunseekers, alarmed authorities face the challenge of keeping coronavirus in check‚Ä¶ https://t.co/R7DblMobIs",-0.2732,0.066,0.812,0.122,49
249,@CNN,Sat May 23 16:12:02 +0000 2020,The nation's rental car companies are in deep trouble. And that's another blow for the already struggling auto indu‚Ä¶ https://t.co/u5M59z7Ezb,-0.6705,0.0,0.766,0.234,50
250,@CNN,Sat May 23 15:53:03 +0000 2020,"More than 125 San Francisco firefighters are battling a four-alarm warehouse fire Saturday on Pier 45, the city's f‚Ä¶ https://t.co/T7o6kuqcuu",-0.5423,0.0,0.8,0.2,51
251,@CNN,Sat May 23 15:47:05 +0000 2020,"The number of coronavirus-related deaths in New York is below 100, down to 84 deaths yesterday, according to Gov. C‚Ä¶ https://t.co/DskDxAeltZ",0.0772,0.061,0.939,0.0,52
252,@CNN,Sat May 23 15:44:06 +0000 2020,"""Look, I know your anger, but recusal was required by law. I did my duty &amp; you're damn fortunate I did. It protecte‚Ä¶ https://t.co/voPeCBZz8p",-0.2617,0.125,0.683,0.192,53
253,@CNN,Sat May 23 15:42:20 +0000 2020,"Gatorland in Orlando is reopening today, and the park will be implementing temperature checks and is giving away fr‚Ä¶ https://t.co/dfJxRWkPmU",0.34,0.112,0.888,0.0,54
254,@CNN,Sat May 23 15:31:04 +0000 2020,"Scientists at NASA say we're currently in a ""Grand Solar Minimum."" The last occurrence was between 1650 and 1715, d‚Ä¶ https://t.co/wY3hq8P6Ec",0.4588,0.13,0.87,0.0,55
255,@CNN,Sat May 23 15:26:22 +0000 2020,"North Dakota Gov. Doug Burgum fought back tears in a news conference: ‚ÄúIf someone is wearing a mask, they're not do‚Ä¶ https://t.co/5xvKJd5wbI",-0.4939,0.0,0.826,0.174,56
256,@CNN,Sat May 23 15:23:38 +0000 2020,"A four-alarm fire has destroyed a quarter of San Francisco‚Äôs Pier 45, officials say. https://t.co/98Wg3J9Cs8 https://t.co/2OjJTLNcyM",-0.6808,0.0,0.714,0.286,57
257,@CNN,Sat May 23 15:16:03 +0000 2020,The pandemic could reshape the world order. Trump's chaotic strategy is accelerating US losses | Analysis by‚Ä¶ https://t.co/32JVMWsMwi,-0.7096,0.0,0.731,0.269,58
258,@CNN,Sat May 23 15:02:04 +0000 2020,A 20-year-old man is facing assault and battery charges after a video surfaced of him attacking a 75-year-old man a‚Ä¶ https://t.co/hw3IAazAjv,-0.836,0.0,0.669,0.331,59
259,@CNN,Sat May 23 14:44:00 +0000 2020,The US has successfully tested a new high-energy laser weapon that can destroy aircraft mid-flight https://t.co/NwBULyGQ9O,-0.3612,0.146,0.594,0.26,60
260,@CNN,Sat May 23 14:38:38 +0000 2020,"RT @CNNSotu: SUNDAY: @WhiteHouse Senior Advisor Kevin Hassett, @GovMurphy, @SenRickScott &amp; @RepValDemings join #CNNSOTU live! Tune in on üì∫‚Ä¶",0.3595,0.122,0.878,0.0,61
261,@CNN,Sat May 23 14:38:18 +0000 2020,"RT @drsanjaygupta: For many of us, Memorial Day marks the beginning of summer. But, that doesn‚Äôt mean we can go back to normal. I still don‚Ä¶",0.0,0.0,1.0,0.0,62
262,@CNN,Sat May 23 14:31:06 +0000 2020,"This priest thought he would have a little fun on Easter ‚Äî and observe social distancing, of course ‚Äî by using a pl‚Ä¶ https://t.co/aayNUAmzMn",0.4601,0.116,0.884,0.0,63
263,@CNN,Sat May 23 14:16:04 +0000 2020,Victoria's Secret is permanently closing 250 stores in the US and Canada https://t.co/zyNkn0AF4A,0.0,0.0,1.0,0.0,64
264,@CNN,Sat May 23 14:12:19 +0000 2020,"San Francisco firefighters are battling a four-alarm warehouse fire on Pier 45, the city's fire department says.‚Ä¶ https://t.co/bJPtADAYJV",-0.7096,0.0,0.685,0.315,65
265,@CNN,Sat May 23 14:01:05 +0000 2020,A school surprised a little girl by including a photo of her service dog in the yearbook https://t.co/GaGPnJgUV3 https://t.co/KTaofPhm1U,0.2263,0.095,0.905,0.0,66
266,@CNN,Sat May 23 13:58:47 +0000 2020,"‚ÄúI think there's genuine hostility¬†between the two of them that goes back to 2016,‚Äù journalist and author Kate Ande‚Ä¶ https://t.co/izx5hATNYa",-0.5423,0.0,0.851,0.149,67
267,@CNN,Sat May 23 13:51:48 +0000 2020,"The University of California is suspending ACT and SAT tests as an admissions requirement until 2024. 

‚ÄúIt‚Äôs a win‚Ä¶ https://t.co/jPcvEmbm1P",0.0,0.0,1.0,0.0,68
268,@CNN,Sat May 23 13:36:49 +0000 2020,CNN‚Äôs @smerconish: ‚ÄúWhat are the consequences¬†of [Elon] Musk straddling the political¬†fence?¬†Maybe that my new car‚Ä¶ https://t.co/p2cQp6H7SB,0.0,0.0,1.0,0.0,69
269,@CNN,Sat May 23 13:30:10 +0000 2020,.@FareedZakaria investigates China and Covid-19. Discover what he learned in the new CNN Special Report ‚Äì China‚Äôs D‚Ä¶ https://t.co/KEYF97mtOI,0.4019,0.13,0.87,0.0,70
270,@CNN,Sat May 23 13:24:42 +0000 2020,"‚ÄúHe‚Äôs¬†shooting himself in his own¬†foot,‚Äù political science and law professor Richard Hasen says about Pres. Trump‚Äôs‚Ä¶ https://t.co/Qv0g8lPbvk",0.0,0.0,1.0,0.0,71
271,@CNN,Sat May 23 13:12:09 +0000 2020,Studies show that there is no evidence that mail-in voting gives any party an edge ‚Äî and it could even increase vot‚Ä¶ https://t.co/UBxRpgoB3J,0.4215,0.184,0.735,0.081,72
272,@CNN,Sat May 23 13:02:07 +0000 2020,Your Memorial Day barbecue will look different this year. Here's how to make the most of it ‚Äî and stay safe while y‚Ä¶ https://t.co/FJSq0ontsy,0.4404,0.112,0.888,0.0,73
273,@CNN,Sat May 23 12:44:02 +0000 2020,Millions of cicadas are expected to emerge this year after 17 years underground https://t.co/S9UaaQ7YwN https://t.co/jKPbk7iYK8,0.0,0.0,1.0,0.0,74
274,@CNN,Sat May 23 12:29:01 +0000 2020,"A hairstylist worked while symptomatic and exposed 91 people to coronavirus, according to health officials. https://t.co/OACQ5Yvlhs",-0.0772,0.0,0.92,0.08,75
275,@CNN,Sat May 23 12:01:07 +0000 2020,"Growing evidence suggests that Covid-19 infection, like with other illnesses, is related to prolonged time exposed‚Ä¶ https://t.co/CUYUaq5bQW",0.0,0.196,0.654,0.15,76
276,@CNN,Sat May 23 11:31:02 +0000 2020,Johnson &amp; Johnson is abandoning a product that it may be most identified with and has been selling for more than 10‚Ä¶ https://t.co/EsACbRa0oC,-0.3818,0.0,0.894,0.106,77
277,@CNN,Sat May 23 11:15:05 +0000 2020,"We want to help you discover your lost WWII family history. To commemorate the 75th anniversary of the end of WWII,‚Ä¶ https://t.co/UtC9qIfFiW",0.1779,0.158,0.751,0.091,78
278,@CNN,Sat May 23 11:01:07 +0000 2020,"It is becoming increasingly evident that hurricanes, typhoons, and tropical cyclones worldwide are becoming stronge‚Ä¶ https://t.co/gnWjqI2jhJ",0.0,0.0,1.0,0.0,79
279,@CNN,Sat May 23 10:31:04 +0000 2020,Green snow created by blooming algae in the Antarctic Peninsula is likely to spread as temperatures increase as a r‚Ä¶ https://t.co/1eeJZCppnf,0.5106,0.185,0.815,0.0,80
280,@CNN,Sat May 23 10:01:03 +0000 2020,"""My dream is to meet every kid in the entire world and give them art."" This girl has sent over 1,500 children in ho‚Ä¶ https://t.co/iuUlp44ed3",0.25,0.077,0.923,0.0,81
281,@CNN,Sat May 23 09:31:07 +0000 2020,"This man thought his pet donkey would not remember him after he had been under quarantine, but the beloved animal g‚Ä¶ https://t.co/b6vjRsft6W",0.6652,0.175,0.825,0.0,82
282,@CNN,Sat May 23 09:01:03 +0000 2020,"Dr. James ""Charlie"" Mahoney, a doctor who died while on the front line of the fight against coronavirus, had been a‚Ä¶ https://t.co/peMDkQfPeP",-0.7351,0.0,0.763,0.237,83
283,@CNN,Sat May 23 08:31:07 +0000 2020,"Scientists have created a mouse embryo that's part human ‚Äî 4% to be exact.

This human-mouse chimera has by far the‚Ä¶ https://t.co/TGBFcdgRpv",0.25,0.087,0.913,0.0,84
284,@CNN,Sat May 23 08:01:05 +0000 2020,"An 8-year-old therapy dog named Moose is officially a very good boy, after he was awarded an honorary doctorate in‚Ä¶ https://t.co/tgPDX3J32O",0.807,0.315,0.685,0.0,85
285,@CNN,Sat May 23 07:46:00 +0000 2020,Think you're a seasoned globetrotter? Put your knowledge to the test in this quiz https://t.co/BDXmCxIfkB https://t.co/zb5ED1UO4C,0.0,0.0,1.0,0.0,86
286,@CNN,Sat May 23 07:31:03 +0000 2020,Astronomers believe they have observed the first direct evidence of planet birth in a young star system 520 light-y‚Ä¶ https://t.co/xE1n6pI119,0.0,0.0,1.0,0.0,87
287,@CNN,Sat May 23 07:13:49 +0000 2020,This family discovered two bags containing nearly $1 million in cash while on an afternoon drive‚Ä¶ https://t.co/QcghH1wH2V,0.0,0.0,1.0,0.0,88
288,@CNN,Sat May 23 07:01:07 +0000 2020,"Coronavirus testing in the United States is disorganized and needs coordination at the national level, infectious d‚Ä¶ https://t.co/2NQGUtGdOm",0.1531,0.133,0.762,0.105,89
289,@CNN,Sat May 23 06:51:09 +0000 2020,"A giant wave has appeared on the LED fa√ßade of South Korea's biggest digital billboard, located in Seoul's Gangnam‚Ä¶ https://t.co/XEYJJLIWfS",0.0,0.0,1.0,0.0,90
290,@CNN,Sat May 23 06:51:09 +0000 2020,This family got a rare surprise when their pregnant cat gave birth: a kitty with two faces https://t.co/idjx9SZdvt https://t.co/odCBv4i54y,0.2732,0.104,0.896,0.0,91
291,@CNN,Sat May 23 06:46:03 +0000 2020,"When Eric Yuan founded Zoom, he set out to create a 'frictionless' video conferencing app to be used by businesses.‚Ä¶ https://t.co/IoKWKMuung",0.2732,0.095,0.905,0.0,92
292,@CNN,Sat May 23 06:31:02 +0000 2020,New Zealand's Jacinda Ardern has floated the idea of a four-day working week to help the economy in the wake of the‚Ä¶ https://t.co/b2dFt58rA1,0.4019,0.109,0.891,0.0,93
293,@CNN,Sat May 23 06:16:00 +0000 2020,"Hertz has filed for bankruptcy ‚Äî the latest victim of the economic downturn amid Covid-19.

The company has been re‚Ä¶ https://t.co/AIN7vtB4Kw",-0.2732,0.0,0.905,0.095,94
294,@CNN,Sat May 23 06:04:12 +0000 2020,This extreme parkour team likes to leap between skyscrapers and launch themselves off cliffs https://t.co/YBGyGyeRw3 https://t.co/zFIX0Lqtdd,0.4703,0.17,0.83,0.0,95
295,@CNN,Sat May 23 06:01:01 +0000 2020,"NBA legend Magic Johnson has announced that EquiTrust Life Insurance Co., of which the Hall of Famer owns a majorit‚Ä¶ https://t.co/BvPFHBO1i9",0.0,0.0,1.0,0.0,96
296,@CNN,Sat May 23 05:46:03 +0000 2020,The UK's Prince Charles has called on students and furloughed workers to pick fruit and vegetables to plug shortage‚Ä¶ https://t.co/xYfVaOmeYJ,0.0,0.0,1.0,0.0,97
297,@CNN,Sat May 23 05:31:05 +0000 2020,Another heir of Walt Disney is publicly expressing disgust with the company his grandfather founded for furloughing‚Ä¶ https://t.co/Wlru8QAqqJ,-0.5994,0.0,0.813,0.187,98
298,@CNN,Sat May 23 05:16:05 +0000 2020,"Nursing homes have no claim to their residents' stimulus checks, but that hasn't stopped some facilities from tryin‚Ä¶ https://t.co/TeeVB2d726",0.1025,0.097,0.825,0.078,99
299,@CNN,Sat May 23 05:14:02 +0000 2020,"""To use the 'freedom of religion' argument to demand carte blanche to demand the opening of religious venues is to‚Ä¶ https://t.co/cAioOluaKX",0.1779,0.157,0.637,0.206,100
300,@Fox,Sat May 23 07:59:01 +0000 2020,"@conniechiiiwa thank you! I guess there‚Äôs a part in homesickness that feels nice? I know the vibe though, I get the‚Ä¶ https://t.co/cGF89wuokw",0.4199,0.204,0.694,0.102,1
301,@Fox,Sat May 23 06:33:43 +0000 2020,@LukesBeard is there a way to share your Exposure story in an Instagram story? (so many stories) it would be dope i‚Ä¶ https://t.co/rz7ZOA5fPz,0.296,0.091,0.909,0.0,2
302,@Fox,Sat May 23 06:28:27 +0000 2020,Each time I sit down to do something about my 4 year photo backlog I get SO overwhelmed for multiple reasons (bad f‚Ä¶ https://t.co/MX2iU5AwyB,-0.2424,0.09,0.785,0.125,3
303,@Fox,Sat May 23 02:45:20 +0000 2020,"@ktzhu you put whatever you want in your wine, girl! ‚ú®",0.4389,0.302,0.698,0.0,4
304,@Fox,Sat May 23 02:39:22 +0000 2020,"@ktzhu I reckon ice is essential especially for sweet wines, like Japanese plum wine üç∑",0.6983,0.292,0.708,0.0,5
305,@Fox,Fri May 22 23:58:29 +0000 2020,you lost me at hi guys,-0.3182,0.0,0.685,0.315,6
306,@Fox,Fri May 22 02:47:32 +0000 2020,@callmevlad i chuckle at every single one of the troll tweets,0.4019,0.213,0.787,0.0,7
307,@Fox,Fri May 22 02:43:47 +0000 2020,"I see many people in development paying very little attention to HTML for different reasons (fake inferiority, ‚Äùit‚Äô‚Ä¶ https://t.co/nl94LdezGt",-0.6369,0.0,0.766,0.234,8
308,@Fox,Fri May 22 02:42:03 +0000 2020,"üí°here‚Äôs another reason to care about HTML: monitoring &amp; testing tools.

any tool crawling the DOM is likely to fail‚Ä¶ https://t.co/VtxKShv1sT",0.4939,0.132,0.868,0.0,9
309,@Fox,Fri May 22 02:08:38 +0000 2020,@buzzusborne faving this for my next existential ‚Äùam I any good??‚Äù crisis. üò≠‚ù§Ô∏è,-0.8205,0.0,0.665,0.335,10
310,@Fox,Fri May 22 02:08:05 +0000 2020,@riblah that is true. I too have been people who were pretending to be helpful but just wanted to advance themselve‚Ä¶ https://t.co/1egNAUE9ck,0.4588,0.208,0.792,0.0,11
311,@Fox,Fri May 22 00:57:41 +0000 2020,"Currently, I‚Äôm grateful for working with design-savvy &amp; product-oriented people, which drastically improved my desi‚Ä¶ https://t.co/lhemsclD0u",0.7269,0.303,0.697,0.0,12
312,@Fox,Fri May 22 00:55:59 +0000 2020,"I never had professional mentorship IN MY CAREER. I rarely had managers. If I did, they did the bare minimum or wer‚Ä¶ https://t.co/vbhZddRlGh",0.0,0.0,1.0,0.0,13
313,@Fox,Fri May 22 00:37:03 +0000 2020,"‚ö°Ô∏èI haven‚Äôt written an article about web performance in ~month, which means it‚Äôs time for another one!

coming soon‚Ä¶ https://t.co/wqmzrP3pR3",0.0,0.0,1.0,0.0,14
314,@Fox,Thu May 21 23:49:56 +0000 2020,"@rauchg if you liked this, you will enjoy this netflix case study I featured a while back in @perfemail. it covers‚Ä¶ https://t.co/ZvdVDRohRW",0.7184,0.231,0.769,0.0,15
315,@Fox,Thu May 21 03:46:26 +0000 2020,@ow what is happening with these icons though,0.0,0.0,1.0,0.0,16
316,@Fox,Thu May 21 00:10:26 +0000 2020,"why bother working on a reasonable verification system if you can make people fight for checkmarks

https://t.co/BYV0rjWb8N",-0.6124,0.0,0.75,0.25,17
317,@Fox,Wed May 20 23:03:49 +0000 2020,@meyerweb prime assholery,0.0,0.0,1.0,0.0,18
318,@Fox,Wed May 20 22:57:37 +0000 2020,"you will never verify me, you cowards

https://t.co/3uT26tY9Ow",0.0,0.0,1.0,0.0,19
319,@Fox,Wed May 20 22:57:00 +0000 2020,"RT @JillWetzler: Ahahahaha what a witty and clever joke about a tremendously biased and neglected feature that has been ""on hold"" for liter‚Ä¶",-0.216,0.172,0.628,0.2,20
320,@Fox,Wed May 20 04:18:46 +0000 2020,"me: *asks a question*

@AWSSupport:

@AWSSupport: if you‚Äôd like support that will be 3% of your bill

me: fine, *pa‚Ä¶ https://t.co/bihzAynjJ3",0.7184,0.28,0.72,0.0,21
321,@Fox,Wed May 20 04:09:25 +0000 2020,"The worst support I have ever seen in my career is hands-down @AWSSupport @awscloud. 

Endless questions unanswered‚Ä¶ https://t.co/gnrEN4EY1j",-0.34,0.118,0.702,0.18,22
322,@Fox,Wed May 20 02:04:56 +0000 2020,"In March, there were a lot of predictions on how the global crisis is going to hit tech companies. 

Some are true‚Ä¶ https://t.co/QRwG0sHVY7",-0.6249,0.0,0.843,0.157,23
323,@Fox,Wed May 20 01:52:56 +0000 2020,@dan_abramov masculinity stereotyping.,0.0,0.0,1.0,0.0,24
324,@Fox,Wed May 20 00:21:59 +0000 2020,"‚ÄùI didn‚Äôt develop any enviable habits, and I‚Äôm more than OK with that. It‚Äôs an achievement to have rejected the pro‚Ä¶ https://t.co/r2eJDsODr9",-0.0229,0.121,0.754,0.124,25
325,@Fox,Tue May 19 04:25:36 +0000 2020,"A really good analysis of the Australian COVIDSafe app from both privacy and security standpoints. üëáüèª

https://t.co/u3dOlHhDdp",0.6801,0.21,0.79,0.0,26
326,@Fox,Tue May 19 00:40:00 +0000 2020,"RT @mjmichellekim: Fortune 500 CEOs
- 37 women, 34 of them white
- 3 women of color, all Asians (Indian, Taiwanese, Chinese)
- 0 Black wome‚Ä¶",0.0,0.0,1.0,0.0,27
327,@Fox,Mon May 18 06:56:09 +0000 2020,"RT @perfemail: Performance Newsletter ‚Ññ49‚Äîtrack Web Vitals by @igrigorik, see JS framework impact by @tkadlec, learn if Chrome will block y‚Ä¶",-0.2023,0.088,0.792,0.121,28
328,@Fox,Mon May 18 06:28:22 +0000 2020,RT @drthema: Insecurity and imposter syndrome can create constant anxiety. Let‚Äôs breathe and give ourselves permission to release. It‚Äôs not‚Ä¶,-0.34,0.089,0.72,0.191,29
329,@Fox,Mon May 18 06:13:28 +0000 2020,@jstn porn,0.0,0.0,1.0,0.0,30
330,@Fox,Mon May 18 00:57:29 +0000 2020,@pjrvs *insert existential crisis*,-0.6249,0.0,0.423,0.577,31
331,@Fox,Mon May 18 00:44:22 +0000 2020,"@ow @pjrvs hahahaah it me üòÇ 

the problem I currently have is that the last redesign was when I still was looking f‚Ä¶ https://t.co/rwfgE0HPIx",0.0516,0.114,0.749,0.138,32
332,@Fox,Mon May 18 00:38:59 +0000 2020,@pjrvs nearly every day i want to blog again but then I look at my website and want to redesign it and we both know how that goes,0.1531,0.091,0.909,0.0,33
333,@Fox,Sun May 17 04:40:37 +0000 2020,@jongold i thought any time was suitable for good ol shitpost?!,0.4926,0.242,0.758,0.0,34
334,@Fox,Sun May 17 01:04:40 +0000 2020,"@makenosound yeah, how could that go wrong, I really can‚Äôt tell lmao",0.5046,0.345,0.487,0.168,35
335,@Fox,Sun May 17 01:04:01 +0000 2020,there‚Äôs never anything good hiding under ‚Äúshow more replies‚Äù on the bird website. never.,-0.1326,0.116,0.736,0.148,36
336,@Fox,Sun May 17 00:36:44 +0000 2020,"If that‚Äôs the condition for going to restaurants and bars, I won‚Äôt be going. Still, can get takeaway without sacrif‚Ä¶ https://t.co/lhb9u9YIG4",0.0,0.0,1.0,0.0,37
337,@Fox,Sun May 17 00:36:44 +0000 2020,Who manages this data? How long do they have it for? How many people at a given place have my data? There are no re‚Ä¶ https://t.co/3adivIh0M2,-0.4098,0.0,0.901,0.099,38
338,@Fox,Sun May 17 00:36:44 +0000 2020,"Victoria announced lifting of restrictions and closures for hospitality venues, which is great.

What‚Äôs not great i‚Ä¶ https://t.co/hmzqfYA4Uj",0.2037,0.175,0.684,0.141,39
339,@Fox,Sat May 16 01:54:19 +0000 2020,"RT @SarahMoran: If you have a job, stand in solidarity with those who don‚Äôt.

üíî 594,300 Aussie jobs gone
üíî underemployment up 4.9% to 13.7%‚Ä¶",-0.6124,0.068,0.741,0.191,40
340,@Fox,Fri May 15 23:35:19 +0000 2020,"fb ruining gifs and expanding its tentacles, again

https://t.co/LpP8w4Ls4K",-0.25,0.0,0.8,0.2,41
341,@Fox,Fri May 15 10:54:01 +0000 2020,@benschwarz @MelissaKaulfuss here it is; ask me anything you want to know :) https://t.co/55HQrCEKeO,0.5106,0.264,0.736,0.0,42
342,@Fox,Fri May 15 09:56:27 +0000 2020,@dotmariusz woah. we have 15-25 cases a day for the whole country and only now some of the restaurants in some stat‚Ä¶ https://t.co/IMqs2bIs93,0.0,0.0,1.0,0.0,43
343,@Fox,Fri May 15 04:38:02 +0000 2020,@alexgoffey aaahhh ü§§ I have been wondering if I should buy their book. their cakes are the best (and the most luxurious üòÇ),0.7964,0.229,0.716,0.054,44
344,@Fox,Fri May 15 02:40:18 +0000 2020,@eleanorkh and fashionable,0.0,0.0,1.0,0.0,45
345,@Fox,Fri May 15 01:53:42 +0000 2020,"I had a responsible, socially distanced coffee walk with a friend today (üëãüèª @eleanorkh). First time in two months.‚Ä¶ https://t.co/iiqOLRkRMq",0.8271,0.283,0.717,0.0,46
346,@Fox,Fri May 15 00:33:28 +0000 2020,@csswizardry https://t.co/o4a1RleD2N,0.0,0.0,1.0,0.0,47
347,@Fox,Fri May 15 00:10:03 +0000 2020,"RT @humanworkplace: Your job title does not define you

Your salary does not define you

You are righteous with or without a job

Don‚Äôt let‚Ä¶",0.0,0.0,1.0,0.0,48
348,@Fox,Thu May 14 08:57:15 +0000 2020,@glenmaddern singapore?? üôÉ,0.0,0.0,1.0,0.0,49
349,@Fox,Thu May 14 02:37:36 +0000 2020,we‚Äôve been quietly testing @____lighthouse 6 beta for a few months and will be running the stable version right aft‚Ä¶ https://t.co/nn8gC3xuzj,0.296,0.099,0.901,0.0,50
350,@Fox,Thu May 14 01:34:52 +0000 2020,"RT @venikunche: white women != diversity

Having just white women does not make your team or your event diverse.",0.0,0.0,1.0,0.0,51
351,@Fox,Wed May 13 06:12:46 +0000 2020,"@the_patima but, tbh, I am sick of those debates who‚Äôs real or not. they‚Äôre all gatekeeping people (usually minorit‚Ä¶ https://t.co/ge18a8SEuP",-0.6652,0.0,0.81,0.19,52
352,@Fox,Wed May 13 06:09:06 +0000 2020,"@the_patima internally: never. your designer perfectionism and impostor syndrome won‚Äôt let u.
externally: never. th‚Ä¶ https://t.co/5gi4de60QI",-0.2411,0.0,0.884,0.116,53
353,@Fox,Wed May 13 06:04:33 +0000 2020,"everything about this is golden.

https://t.co/WHoNBbEnS6",0.0,0.0,1.0,0.0,54
354,@Fox,Wed May 13 02:38:02 +0000 2020,"the obsession with tooling (incl. frameworks) is deeply rooted in tech. 

it‚Äôs also constantly weaponised to talk p‚Ä¶ https://t.co/boCYtXGtJT",-0.34,0.0,0.882,0.118,55
355,@Fox,Wed May 13 02:36:48 +0000 2020,"@NatDudley omgmgmgmgmgmg yes!! i still remember when i went to see nanette at MICF; one of my first, and the best e‚Ä¶ https://t.co/KNWtuMNvak",0.8168,0.263,0.737,0.0,56
356,@Fox,Wed May 13 02:25:54 +0000 2020,"I want @ArtifactUprsng, but in Australia. Are there really no high quality, decently priced photo+framing services here? üò≠",-0.8042,0.045,0.666,0.289,57
357,@Fox,Tue May 12 06:54:13 +0000 2020,@benschwarz @glenmaddern i recommend never reading your mentions. works a treat!,0.6696,0.379,0.621,0.0,58
358,@Fox,Mon May 11 09:42:41 +0000 2020,"RT @karenkho: Economics says the best gifts for moms are:
-paid parental leave
-affordable child care
-men doing much more housework and pa‚Ä¶",0.802,0.259,0.699,0.042,59
359,@Fox,Mon May 11 09:15:42 +0000 2020,RT @maiab: I have figured out why people who work at big companies are so much less productive than people who work at startups and it‚Äôs be‚Ä¶,0.0,0.0,1.0,0.0,60
360,@Fox,Mon May 11 06:14:34 +0000 2020,"@holman writing like that is okay (I agree with the sentiment &amp; been saying this for ages) but it offers no data, n‚Ä¶ https://t.co/sgW6lopf3B",0.0387,0.178,0.721,0.101,61
361,@Fox,Mon May 11 01:45:01 +0000 2020,@KasperWargula I use https://t.co/M5g71J0FVV but I think there are some tools that integrate directly with slack :),0.6124,0.2,0.8,0.0,62
362,@Fox,Sun May 10 06:16:15 +0000 2020,RT @rachelyhe_: ‚Äúdesign leaders‚Äù who need to rip into junior designers in order to voice a dissenting opinion are not real leaders,0.0,0.0,1.0,0.0,63
363,@Fox,Thu May 07 23:28:57 +0000 2020,RT @jessica_salfia: This poem is called ‚ÄúFirst lines of emails I‚Äôve received while quarantining.‚Äù https://t.co/4keCqPaO63,0.0,0.0,1.0,0.0,64
364,@Fox,Thu May 07 22:48:26 +0000 2020,"@NatDudley well, that is awful. I‚Äôm glad she found a much better home. ‚ù§Ô∏è",0.6124,0.364,0.5,0.136,65
365,@Fox,Thu May 07 22:47:27 +0000 2020,@danrubin I had the same problem with finding refried beans without lard. It‚Äôs a thing for sure; takes a bit of loo‚Ä¶ https://t.co/olAGrqcj70,-0.1027,0.088,0.808,0.104,66
366,@Fox,Thu May 07 22:45:46 +0000 2020,@NatDudley omg what a cute fluff!,0.5093,0.397,0.603,0.0,67
367,@Fox,Thu May 07 21:51:22 +0000 2020,RT @kosamari: 5G is not gonna make your frontend performance disappear just like LTE and high performance CPU didn't fix it in the past dec‚Ä¶,0.1531,0.091,0.839,0.069,68
368,@Fox,Thu May 07 10:48:35 +0000 2020,‚ÄûOrdinary life before the pandemic was already a catastrophe of desperation and exclusion for too many human beings‚Ä¶ https://t.co/V04bdf3OwT,-0.8625,0.0,0.625,0.375,69
369,@Fox,Thu May 07 09:46:52 +0000 2020,@jongold tips from long-time bagel maker: don‚Äôt use baking soda. barley malt syrup changes nothing. bagels need 5 i‚Ä¶ https://t.co/mViNXWgrhv,0.0,0.0,1.0,0.0,70
370,@Fox,Thu May 07 02:36:12 +0000 2020,"@TheCodePixi that‚Äôs much more convenient! ios hasn‚Äôt gotten to that yet, lol",0.4753,0.219,0.781,0.0,71
371,@Fox,Thu May 07 02:34:19 +0000 2020,"@TheCodePixi haha, all good! I use https://t.co/M5g71J0FVV üëçüèª",0.7345,0.382,0.618,0.0,72
372,@Fox,Thu May 07 02:29:06 +0000 2020,"posting self-recorded GIFs is a long-term strategy I used to build team connection with remote co-workers. now, I‚Äôm‚Ä¶ https://t.co/zNJrbQ8AXE",0.0,0.0,1.0,0.0,73
373,@Fox,Wed May 06 04:52:38 +0000 2020,@anildash same! I definitely evolved the rules as the time passed. but definitely it has prompted thinking and bein‚Ä¶ https://t.co/1lpK315ZAe,0.69,0.24,0.76,0.0,74
374,@Fox,Wed May 06 04:46:33 +0000 2020,@anildash they are always the same,0.0,0.0,1.0,0.0,75
375,@Fox,Wed May 06 04:43:13 +0000 2020,"also, to clarify: I RT all underrepresented groups, including PoC and LGBTQIA+. gender ain‚Äôt binary, nor it‚Äôs the p‚Ä¶ https://t.co/y1ZyLdYPU3",0.0,0.0,1.0,0.0,76
376,@Fox,Wed May 06 04:38:43 +0000 2020,here to block all whataboutists and offended white men who will emerge in this thread,-0.5994,0.0,0.726,0.274,77
377,@Fox,Wed May 06 04:37:24 +0000 2020,"@theshawwn thanks but I had enough of white men wisdom in my time, which this is a prime example of üëãüèª",0.8968,0.33,0.67,0.0,78
378,@Fox,Wed May 06 04:35:19 +0000 2020,@Firesphere you can make your own rules. I include PoC and LGBTQIA+.,0.0,0.0,1.0,0.0,79
379,@Fox,Wed May 06 04:15:29 +0000 2020,"noticed someone pointing out that @anildash only retweets women. 

his statement got me to stop RTing men + focus o‚Ä¶ https://t.co/1h2LAxCgdA",-0.296,0.0,0.901,0.099,80
380,@Fox,Tue May 05 00:23:41 +0000 2020,@jongold I am genuinely excited by vegetables and teen kaz is screaming ‚Äùwhat is vegetable‚Äù. it‚Äôs a mood,-0.0516,0.114,0.762,0.124,81
381,@Fox,Mon May 04 10:07:18 +0000 2020,@KaiBrach Thank you so much! It really means a lot to me since it‚Äôs my first exercise on executing a brand with ful‚Ä¶ https://t.co/XuiBGEaBfz,0.4199,0.108,0.892,0.0,82
382,@Fox,Mon May 04 05:21:23 +0000 2020,"@jongold long live five elephant cheesecake, the best pie ‚ù§Ô∏è",0.6369,0.296,0.704,0.0,83
383,@Fox,Mon May 04 05:14:12 +0000 2020,@jongold these photos are so beautiful,0.7177,0.5,0.5,0.0,84
384,@Fox,Mon May 04 03:37:03 +0000 2020,While semantics might be useful for greater adoption of web performance it does not solve the inequity problem at a‚Ä¶ https://t.co/wljihtJAWm,0.2751,0.202,0.637,0.161,85
385,@Fox,Mon May 04 03:29:38 +0000 2020,"A more understandable name for #webperf can be helpful. 

But what we need is widespread understanding of its impor‚Ä¶ https://t.co/5PHzMdte35",0.2263,0.091,0.909,0.0,86
386,@Fox,Mon May 04 02:36:57 +0000 2020,@marekIsOkay üôåüèª,0.0,0.0,1.0,0.0,87
387,@Fox,Mon May 04 02:36:50 +0000 2020,@imtraptir thank you! ‚úäüèª,0.4199,0.285,0.715,0.0,88
388,@Fox,Mon May 04 02:36:44 +0000 2020,@jilljubs squee ‚ù§Ô∏è,0.0,0.0,1.0,0.0,89
389,@Fox,Mon May 04 02:36:37 +0000 2020,@stewartsc thank you! üôåüèª,0.4199,0.285,0.715,0.0,90
390,@Fox,Mon May 04 00:31:44 +0000 2020,@unRonic @Grammarly I think in general such services are pretty invasive but the caveat that they might store what‚Ä¶ https://t.co/WQYsnTeOMg,0.2732,0.1,0.9,0.0,91
391,@Fox,Mon May 04 00:24:35 +0000 2020,"I found @Grammarly really useful, but I can‚Äôt allow entertaining the thought they‚Äôre storing everything I write whe‚Ä¶ https://t.co/x5urt9QRA2",0.8072,0.341,0.659,0.0,92
392,@Fox,Sun May 03 10:05:28 +0000 2020,"‚ÄúA white identity is a trust fund, and its currency is grievance that is stolen from others.‚Äù

‚ÄîNesrine Malik",-0.4588,0.129,0.625,0.246,93
393,@Fox,Sat May 02 06:58:00 +0000 2020,RT @NewYorker: Setting reasonable goals during a crisis. https://t.co/QIirBpnuJ7,-0.6249,0.0,0.661,0.339,94
394,@Fox,Sat May 02 06:29:35 +0000 2020,@jongold ü§§,0.0,0.0,1.0,0.0,95
395,@Fox,Sat May 02 03:55:56 +0000 2020,"First time in my tech career of 15 years I‚Äôm a shareholder (also, in a profitable company that has no debts to anyo‚Ä¶ https://t.co/VDOPxLNrva",0.1779,0.107,0.812,0.081,96
396,@Fox,Sat May 02 01:17:23 +0000 2020,@yesidanderfer thank you! ü§ó keeping it real at my house üôèüèª,0.68,0.285,0.715,0.0,97
397,@Fox,Fri May 01 23:46:31 +0000 2020,@MikeEsto thank you! üôáüèª‚Äç‚ôÄÔ∏è,0.4199,0.237,0.763,0.0,98
398,@Fox,Fri May 01 23:39:47 +0000 2020,"@KaiBrach yeah, I was also surprised. I normally don‚Äôt answer calls from No Caller ID. the only reason why I did wa‚Ä¶ https://t.co/QaQV0VbSoP",0.2263,0.156,0.76,0.084,99
399,@Fox,Fri May 01 23:25:56 +0000 2020,"It also included a free influenza and  rsv virus test, which I also don‚Äôt have. Thanks, Aussie healthcare! üòÇüôèüèª",0.8553,0.284,0.663,0.052,100
400,@NYTimes,Sun May 24 00:25:07 +0000 2020,"These are not, on the surface, joyful times. Which is why you deserve relief. 

We asked 14 writers what‚Äôs bringing‚Ä¶ https://t.co/ZikI79VVBo",0.7906,0.269,0.731,0.0,1
401,@NYTimes,Sun May 24 00:00:12 +0000 2020,"Facing a summer with no baseball and no picnics, the makers of the original Coney Island red hot feared the worst.‚Ä¶ https://t.co/nml0P07gsK",-0.6486,0.082,0.645,0.272,2
402,@NYTimes,Sat May 23 23:50:03 +0000 2020,‚ÄúIt doesn‚Äôt even feel like I live in New York anymore.‚Äù Empty streets and days without speaking to anyone are the n‚Ä¶ https://t.co/xpycM56vWG,0.1779,0.099,0.83,0.071,3
403,@NYTimes,Sat May 23 23:30:05 +0000 2020,"Carly Rae Jepsen, Phoebe Bridgers, Polo G, Neil Young and more: Here‚Äôs your weekend playlist
https://t.co/x3PIgwewwC",0.0,0.0,1.0,0.0,4
404,@NYTimes,Sat May 23 23:00:07 +0000 2020,"A colorful platter of soft, grilled vegetables in a sweet and spicy sauce can be the centerpiece of a light summery‚Ä¶ https://t.co/meUArcVVlG",0.4588,0.125,0.875,0.0,5
405,@NYTimes,Sat May 23 22:50:05 +0000 2020,"3 shots were fired in the killing of Ahmaud Arbery. The authorities said Travis McMichael, who with his father and‚Ä¶ https://t.co/bWA52irhg8",-0.8402,0.0,0.704,0.296,6
406,@NYTimes,Sat May 23 22:30:09 +0000 2020,A lawsuit involving online erotica raises a new question: can tropes from a fan-generated genre like the Omegaverse‚Ä¶ https://t.co/XFdY6mal6X,0.1531,0.117,0.794,0.089,7
407,@NYTimes,Sat May 23 22:20:03 +0000 2020,"Visitors waited in line in 80-degree heat, standing on large blue stickers placed 6 feet apart, to enter the Museum‚Ä¶ https://t.co/BjPN5b7tP1",0.0,0.0,1.0,0.0,8
408,@NYTimes,Sat May 23 21:48:14 +0000 2020,"The front page of The New York Times for May 24, 2020 https://t.co/Mp4figjnQe",0.0,0.0,1.0,0.0,9
409,@NYTimes,Sat May 23 21:40:05 +0000 2020,"Tyrannosaurus rex wasn‚Äôt a quick runner because of its heft, but its lanky limbs ensured it could amble efficiently‚Ä¶ https://t.co/qVjlRK0TMW",0.0,0.0,1.0,0.0,10
410,@NYTimes,Sat May 23 21:30:05 +0000 2020,"Nearly a month after federal scientists claimed that an experimental drug, remdesivir, had helped patients severely‚Ä¶ https://t.co/aKwoq9oE7I",0.0,0.0,1.0,0.0,11
411,@NYTimes,Sat May 23 21:20:02 +0000 2020,"Amazon and other companies are planning to test workers for the coronavirus. But there is little federal guidance,‚Ä¶ https://t.co/WNk5cdqojZ",0.09,0.07,0.93,0.0,12
412,@NYTimes,Sat May 23 21:00:18 +0000 2020,"Here‚Äôs what we know about your chances of catching the virus outdoors, with simple tips from experts for reducing y‚Ä¶ https://t.co/nDINjyhcmy",0.2023,0.083,0.917,0.0,13
413,@NYTimes,Sat May 23 20:30:08 +0000 2020,"‚ÄúPeople come together, but separate, in cars,‚Äù a pastor who leads drive-in church services said. ‚ÄúThere is an emoti‚Ä¶ https://t.co/KYiZDF4Vff",0.0,0.0,1.0,0.0,14
414,@NYTimes,Sat May 23 20:00:08 +0000 2020,"As the gradual reopening of the U.S. feeds momentum for a return of sports, some athletes must consider their own u‚Ä¶ https://t.co/L6HMgPBEs6",0.0,0.0,1.0,0.0,15
415,@NYTimes,Sat May 23 19:51:01 +0000 2020,About 150 firefighters battled a 4-alarm blaze that destroyed a quarter of the structures on Pier 45 in San Francis‚Ä¶ https://t.co/6Hg3zLADZH,-0.6597,0.0,0.779,0.221,16
416,@NYTimes,Sat May 23 19:40:03 +0000 2020,"Shootings had dropped sharply in South Jamaica, Queens, after local leaders engineered a cease-fire. Now, the area‚Ä¶ https://t.co/q0qyrWOe9Q",0.0,0.0,1.0,0.0,17
417,@NYTimes,Sat May 23 19:20:05 +0000 2020,"""Quarantine didn‚Äôt just take things away; it revealed ‚Äî with a harsh, unrelenting clarity ‚Äî what had already been l‚Ä¶ https://t.co/cHAbA6zSk7",-0.0516,0.11,0.772,0.118,18
418,@NYTimes,Sat May 23 19:14:09 +0000 2020,"RT @MarkLandler: Dominic Cummings, the political Svengali behind Boris Johnson, drove 260 miles to his parents‚Äô house while sick with Covid‚Ä¶",-0.5106,0.0,0.858,0.142,19
419,@NYTimes,Sat May 23 19:10:03 +0000 2020,"Prizes for this year‚Äôs Cannes Film Festival would have been announced today, but the¬†festival was canceled¬†because‚Ä¶ https://t.co/sa4l52qvxS",0.8126,0.344,0.656,0.0,20
420,@NYTimes,Sat May 23 19:00:06 +0000 2020,China on Saturday reported no new coronavirus deaths or symptomatic cases for the first time since the virus emerge‚Ä¶ https://t.co/KIEyNbzB3x,-0.296,0.0,0.896,0.104,21
421,@NYTimes,Sat May 23 18:40:03 +0000 2020,"The coronavirus pandemic, which has killed 325,000 people so far, is colliding with another global menace: a fast-h‚Ä¶ https://t.co/pm15wTbBOG",-0.8578,0.0,0.628,0.372,22
422,@NYTimes,Sat May 23 18:28:46 +0000 2020,The Transportation Department said late Friday that it would tentatively allow 15 airlines to stop flights to about‚Ä¶ https://t.co/bM7fKgghbs,-0.0772,0.09,0.806,0.104,23
423,@NYTimes,Sat May 23 18:15:10 +0000 2020,"In Opinion

""To envision New York as a moonscape of nothing but the few major franchises that can fund a long loss,‚Ä¶ https://t.co/0vWCAhEDlu",0.0,0.0,1.0,0.0,24
424,@NYTimes,Sat May 23 17:50:06 +0000 2020,"The coronavirus has upended the plans and priorities of many, including the European Union. One of the biggest casu‚Ä¶ https://t.co/FnTFS5Mx5O",0.0,0.0,1.0,0.0,25
425,@NYTimes,Sat May 23 17:40:04 +0000 2020,The N.B.A. is in the early stages of discussions with the Walt Disney Company to restart its season in late July at‚Ä¶ https://t.co/z4oWyvoG4G,0.0,0.0,1.0,0.0,26
426,@NYTimes,Sat May 23 17:30:09 +0000 2020,RT @xanalter: I've been following a strange copyright case that began when a writer in a kinky genre called Omegaverse accused another writ‚Ä¶,-0.4588,0.0,0.84,0.16,27
427,@NYTimes,Sat May 23 17:21:08 +0000 2020,"""This is a Ramadan like no other. The pandemic, which in Kenya has infected at least 1,109 people and killed at lea‚Ä¶ https://t.co/2Q9EmG1a0s",-0.8126,0.08,0.605,0.315,28
428,@NYTimes,Sat May 23 17:10:05 +0000 2020,"RT @NYTmag: We asked writers, artists, photographers to tell us what they learned in quarantine. From learning to play the piano to inventi‚Ä¶",0.34,0.098,0.902,0.0,29
429,@NYTimes,Sat May 23 17:07:42 +0000 2020,"Hundreds of people were killed and thousands wounded in the antigovernment protests in Iraq last year. Also, more t‚Ä¶ https://t.co/HCMWPT4lU3",-0.7506,0.0,0.738,0.262,30
430,@NYTimes,Sat May 23 16:40:06 +0000 2020,"‚ÄúYou can tell a lot about a man by how he treats his dogs‚Äù R.L. Maizes writes in this week‚Äôs Modern Love
https://t.co/q1oaQqSBND",0.6369,0.16,0.84,0.0,31
431,@NYTimes,Sat May 23 16:30:58 +0000 2020,RT @charlie_savage: One aspect of Trump's subjugation of inspectors general that has received insufficient attention is the unprecedented t‚Ä¶,0.0,0.0,1.0,0.0,32
432,@NYTimes,Sat May 23 16:20:02 +0000 2020,"RT @Alexandra_Eaton: Check out our latest Quarantine Diary, about Najee Wilson, a 32-year-old artist‚Äôs model whose career has been upended‚Ä¶",0.0,0.0,1.0,0.0,33
433,@NYTimes,Sat May 23 16:00:08 +0000 2020,"Leading New Zealand from isolation, Jacinda Ardern coaxed her ‚Äúteam of 5 million‚Äù into accepting extreme restrictio‚Ä¶ https://t.co/SJM2hojf3B",-0.0258,0.122,0.751,0.127,34
434,@NYTimes,Sat May 23 15:40:02 +0000 2020,"In an unexpected executive order, Gov. Andrew Cuomo of New York said that gatherings of up to 10 people would be al‚Ä¶ https://t.co/dKQ2Yq62Jf",0.0,0.0,1.0,0.0,35
435,@NYTimes,Sat May 23 15:29:14 +0000 2020,RT @randyNYT: ‚ÄúIt‚Äôs scary for everyone.‚Äù Now is the time to hear from athletes weighing the risks as sports begin to or make serious plans‚Ä¶,-0.6808,0.0,0.769,0.231,36
436,@NYTimes,Sat May 23 15:20:02 +0000 2020,"Joe Biden's tense interview on ‚ÄúThe Breakfast Club,‚Äù a radio show popular with young, black viewers and listeners,‚Ä¶ https://t.co/T3jfN3tQQ3",0.1027,0.126,0.766,0.108,37
437,@NYTimes,Sat May 23 14:55:05 +0000 2020,"For today, May 23, here‚Äôs how to follow the latest on the coronavirus outbreak. 

üåé Live updates from around the wo‚Ä¶ https://t.co/udCjoRWs9d",0.0,0.0,1.0,0.0,38
438,@NYTimes,Sat May 23 14:51:12 +0000 2020,See our full list of books to read this summer here https://t.co/dThY8nliPz,0.0,0.0,1.0,0.0,39
439,@NYTimes,Sat May 23 14:50:49 +0000 2020,Here are 7 horror books to add to your reading list this summer https://t.co/fuo6xwuVmH,-0.5719,0.0,0.778,0.222,40
440,@NYTimes,Sat May 23 14:39:04 +0000 2020,President Trump‚Äôs advisers are increasingly concerned about Sen. Kelly Loeffler‚Äôs campaign in Georgia. The seat is‚Ä¶ https://t.co/Ypj9I55Ari,0.0,0.0,1.0,0.0,41
441,@NYTimes,Sat May 23 14:22:06 +0000 2020,The University of California will no longer use SAT and ACT scores in admissions decisions. Critics say the tests p‚Ä¶ https://t.co/nb8mI0wOpp,-0.5267,0.0,0.812,0.188,42
442,@NYTimes,Sat May 23 13:55:06 +0000 2020,"Dominic Cummings, the British prime minister‚Äôs top adviser, reportedly drove 260 miles to his parents' house while‚Ä¶ https://t.co/9RhfsCo7FN",0.2023,0.096,0.904,0.0,43
443,@NYTimes,Sat May 23 13:33:47 +0000 2020,"In 2019, just 17% of Americans said they trusted the federal government to do the right thing. The pandemic seems t‚Ä¶ https://t.co/sKGOIN7XYg",0.4767,0.129,0.871,0.0,44
444,@NYTimes,Sat May 23 13:00:15 +0000 2020,"This week, Hong Kong discovered the limits to the middle ground that it has carved out: between East and West, betw‚Ä¶ https://t.co/9BoA1v6IIk",0.0,0.0,1.0,0.0,45
445,@NYTimes,Sat May 23 12:47:12 +0000 2020,RT @damiencave: THREAD: There‚Äôs been a lot praise for @jacindaardern lately without much context. Here's my attempt to look at how New Zeal‚Ä¶,0.5574,0.141,0.859,0.0,46
446,@NYTimes,Sat May 23 12:30:07 +0000 2020,Pakistani officials were using DNA samples to identify many of the 97 bodies pulled from wreckage after a Pakistan‚Ä¶ https://t.co/5dqZE9QAiq,0.0,0.0,1.0,0.0,47
447,@NYTimes,Sat May 23 12:00:11 +0000 2020,"‚ÄúAfter 2-plus months of online school, the last thing I want for my kids this summer is to be on a computer, no mat‚Ä¶ https://t.co/N657IWS0TE",-0.2263,0.049,0.868,0.083,48
448,@NYTimes,Sat May 23 11:00:06 +0000 2020,"These family-friendly bars are perfect for a backyard picnic
https://t.co/1Ki9I61Xql",0.5719,0.291,0.709,0.0,49
449,@NYTimes,Sat May 23 10:00:07 +0000 2020,"Spend time with these great weekend reads
https://t.co/NENtwX2heb",0.6249,0.369,0.631,0.0,50
450,@NYTimes,Sat May 23 09:07:29 +0000 2020,"Every houseplant needs an appropriate home. Here's how to pick the right planter to help your plants thrive.
https://t.co/jQ1BU201sU",0.4019,0.13,0.87,0.0,51
451,@NYTimes,Sat May 23 08:06:17 +0000 2020,"""New technology in streaming cameras can flag unusual behavior or suggest why the dog might be barking
https://t.co/eTpgeadiWc""",0.0,0.0,1.0,0.0,52
452,@NYTimes,Sat May 23 07:05:36 +0000 2020,"Dining rooms are reopening in many U.S. states, but that doesn‚Äôt mean you should go. Before you decide, public heal‚Ä¶ https://t.co/z4SEsrLgY0",0.0,0.0,1.0,0.0,53
453,@NYTimes,Sat May 23 06:43:28 +0000 2020,"‚ÄúMost rom-coms stop when the couple gets together,‚Äù said Kumail Nanjiani. ‚ÄúThat‚Äôs generally how the movie ends. But‚Ä¶ https://t.co/Hye8ZjeOaq",-0.296,0.0,0.891,0.109,54
454,@NYTimes,Sat May 23 06:00:03 +0000 2020,"‚ÄúWe stay physically apart but find unity in the rituals of fasting and feasting,‚Äù @Lattif writes of Ramadan during‚Ä¶ https://t.co/Mdkl3hQQ9K",0.0,0.0,1.0,0.0,55
455,@NYTimes,Sat May 23 04:40:03 +0000 2020,The company formerly known as Weight Watchers has recently fired a number of workers during simultaneous Zoom calls‚Ä¶ https://t.co/nVHC4qzbaD,-0.5106,0.059,0.776,0.164,56
456,@NYTimes,Sat May 23 04:09:58 +0000 2020,"China on Saturday reported no new coronavirus deaths or symptomatic cases, the first time that both tallies were ze‚Ä¶ https://t.co/WrfhiBrhaL",-0.296,0.0,0.896,0.104,57
457,@NYTimes,Sat May 23 04:01:50 +0000 2020,Here's how to store fresh greens in a smaller space and prolong their life https://t.co/S7hiHRQSy8,0.3182,0.141,0.859,0.0,58
458,@NYTimes,Sat May 23 03:00:07 +0000 2020,"Museums in the U.S. are carefully reopening, with new policies and protocols in place to protect visitors even in s‚Ä¶ https://t.co/GAMZVK53ao",0.4767,0.177,0.823,0.0,59
459,@NYTimes,Sat May 23 02:40:03 +0000 2020,U.S. officials warned of punishments ‚Äî possibly including revoking Hong Kong's special economic and trading status‚Ä¶ https://t.co/TwNwJS9h4Y,-0.296,0.125,0.648,0.227,60
460,@NYTimes,Sat May 23 02:20:02 +0000 2020,"The check that Kayleigh McEnany, the White House press secretary, held up to show that President Trump had donated‚Ä¶ https://t.co/kPx9HUUIH8",0.0,0.0,1.0,0.0,61
461,@NYTimes,Sat May 23 02:11:13 +0000 2020,"Hertz, one of the world‚Äôs largest car rental companies, filed for bankruptcy. It was struggling with debt before th‚Ä¶ https://t.co/ZxqRrHbsqn",-0.6486,0.0,0.773,0.227,62
462,@NYTimes,Sat May 23 02:00:08 +0000 2020,"‚ÄúWe‚Äôre happy that the case is dismissed,‚Äù said Kenneth Walker‚Äôs lawyer, Rob Eggert. ‚ÄúHe always said that he didn‚Äôt‚Ä¶ https://t.co/hTbbA8LrVm",0.0258,0.146,0.711,0.142,63
463,@NYTimes,Sat May 23 01:40:02 +0000 2020,"‚ÄúTo me, it‚Äôs the sound of the city aching."" 29 of New York City's 30 quietest days during the last 3 years have bee‚Ä¶ https://t.co/RHve98r23D",-0.4939,0.0,0.882,0.118,64
464,@NYTimes,Sat May 23 01:30:06 +0000 2020,The video captured by William Bryan brought the world‚Äôs attention to the killing of Ahmaud Arbery. Authorities now‚Ä¶ https://t.co/AEmVxHAz0i,-0.6597,0.0,0.804,0.196,65
465,@NYTimes,Sat May 23 01:19:30 +0000 2020,"RT @charlie_savage: A deeper look at how the independent inspectors general system, a key post-Watergate reform to keep government honest,‚Ä¶",0.0,0.0,1.0,0.0,66
466,@NYTimes,Sat May 23 01:10:05 +0000 2020,RT @jessemckinley: NY health officials are scrambling to understand a mysterious syndrome threatening the lives of dozens of children. With‚Ä¶,-0.5267,0.0,0.848,0.152,67
467,@NYTimes,Sat May 23 01:00:09 +0000 2020,"‚ÄúThe hallmarks of the coronavirus ad are so consistent they could be generated by bots,"" our critic @amandahess wri‚Ä¶ https://t.co/0CCudz1HZe",-0.2732,0.0,0.9,0.1,68
468,@NYTimes,Sat May 23 00:45:03 +0000 2020,"Patrick Ewing, the former Knicks superstar and the current coach of the Georgetown University men‚Äôs basketball team‚Ä¶ https://t.co/Oy7kLyJRYR",0.0,0.0,1.0,0.0,69
469,@NYTimes,Sat May 23 00:42:07 +0000 2020,RT @ewong: NEW: US officials warn China on proposed security law on Hong Kong. @SecPompeo says it would be a ‚Äúdeath knell‚Äù ‚Äî and he signals‚Ä¶,0.25,0.086,0.863,0.05,70
470,@NYTimes,Sat May 23 00:40:03 +0000 2020,At least 161 children in New York have gotten sick ‚Äî and 3 have died ‚Äî from a mysterious syndrome linked to the cor‚Ä¶ https://t.co/NiqobKpgPc,-0.7845,0.0,0.769,0.231,71
471,@NYTimes,Sat May 23 00:20:20 +0000 2020,"RT @cliffordlevy: Feels like the right time to remind everyone to follow the @nytimes White House team, the best in the business: @peterbak‚Ä¶",0.7717,0.242,0.758,0.0,72
472,@NYTimes,Sat May 23 00:00:08 +0000 2020,"If you‚Äôre worried about wiping down grocery bags or disinfecting mailed packages because of the coronavirus, this C‚Ä¶ https://t.co/wlTvZ6Xrlc",-0.296,0.0,0.891,0.109,73
473,@NYTimes,Fri May 22 23:39:03 +0000 2020,Amazon is turning to faster shipping times and launching big sales to try to win back customers lost during the pan‚Ä¶ https://t.co/ee8SysLRkc,0.4939,0.205,0.709,0.086,74
474,@NYTimes,Fri May 22 23:20:05 +0000 2020,"Hong Kong is now squarely in the middle of the growing conflict between China and the U.S., which is increasingly c‚Ä¶ https://t.co/sJtP9uvXQE",-0.1531,0.071,0.833,0.096,75
475,@NYTimes,Fri May 22 23:00:05 +0000 2020,The widespread interruption of routine immunization programs around the world during the pandemic is putting 80 mil‚Ä¶ https://t.co/eg65zZX4Sx,-0.3612,0.0,0.872,0.128,76
476,@NYTimes,Fri May 22 22:40:04 +0000 2020,"The coronavirus pandemic poses new safety challenges around water, Lisa L. Lewis writes for @NYTParenting. Experts‚Ä¶ https://t.co/wseklngsPH",0.4767,0.215,0.785,0.0,77
477,@NYTimes,Fri May 22 22:20:04 +0000 2020,"For college students, internships can be a steppingstone to full-time work, a vital source of income and even a gra‚Ä¶ https://t.co/S8EXNwSp6p",0.296,0.099,0.901,0.0,78
478,@NYTimes,Fri May 22 22:10:05 +0000 2020,An overflowing morgue and a reeling ER: Our video goes inside the only hospital in one of New York City‚Äôs hardest-h‚Ä¶ https://t.co/7MrDFQQjpA,0.0,0.0,1.0,0.0,79
479,@NYTimes,Fri May 22 22:00:08 +0000 2020,"These bars are half peanut butter and jelly sandwich, half summer fruit pie
https://t.co/BHvWkm38rD",0.0,0.0,1.0,0.0,80
480,@NYTimes,Fri May 22 21:40:07 +0000 2020,"President Trump has begun questioning the official coronavirus death toll, suggesting the numbers, which have hurt‚Ä¶ https://t.co/AhZ1FDklcP",-0.6486,0.0,0.739,0.261,81
481,@NYTimes,Fri May 22 21:23:41 +0000 2020,The coronavirus pandemic has taken an incalculable death toll. We're putting names and faces to the numbers. Here a‚Ä¶ https://t.co/yd8fzg2asf,-0.5994,0.0,0.83,0.17,82
482,@NYTimes,Fri May 22 21:22:04 +0000 2020,"Lloyd Porter, an actor known for bringing out the best in his neighbors, opened a Brooklyn bakery and cafe with his‚Ä¶ https://t.co/CYxioAUnfv",0.6369,0.167,0.833,0.0,83
483,@NYTimes,Fri May 22 21:20:06 +0000 2020,A Dutch court has ruled that a woman violated the GDPR in Europe by refusing to take down photos of her grandchildr‚Ä¶ https://t.co/oXQFLgCaXX,-0.7269,0.0,0.775,0.225,84
484,@NYTimes,Fri May 22 21:00:08 +0000 2020,"With New York City beaches closed, nearby towns are limiting beach access to keep sun-starved New Yorkers from floo‚Ä¶ https://t.co/rCvCJYFZIY",0.0,0.0,1.0,0.0,85
485,@NYTimes,Fri May 22 20:50:03 +0000 2020,RT @SamSifton: I'd like to share some documents with you. https://t.co/alkpVIaXMQ,0.5719,0.343,0.657,0.0,86
486,@NYTimes,Fri May 22 20:40:05 +0000 2020,"""My fear is that this good news could lead to complacency, which could lead to a second wave,"" London mayor Sadiq K‚Ä¶ https://t.co/TvdnpT7cFy",0.0451,0.122,0.762,0.116,87
487,@NYTimes,Fri May 22 20:20:04 +0000 2020,Did you follow the headlines this week? Take our quiz to find out. https://t.co/uK124NigSy,0.0,0.0,1.0,0.0,88
488,@NYTimes,Fri May 22 20:00:49 +0000 2020,"Joe Biden apologized for saying that black voters torn between him and President Trump ""ain‚Äôt black.""

""I shouldn't‚Ä¶ https://t.co/UtYqKxM6GP",0.0772,0.108,0.798,0.094,89
489,@NYTimes,Fri May 22 19:50:04 +0000 2020,"For decades, the backbone of the U.S.'s disaster response system has been its army of volunteers who race toward da‚Ä¶ https://t.co/5DRzuy9vyB",-0.6249,0.0,0.83,0.17,90
490,@NYTimes,Fri May 22 19:19:02 +0000 2020,"Planning your menu this Memorial Day weekend? @NYTfood has you covered with recipes for delicious dips, crisp salad‚Ä¶ https://t.co/7RfVZaWMTQ",0.5719,0.171,0.829,0.0,91
491,@NYTimes,Fri May 22 19:07:23 +0000 2020,"Breaking News: President Trump called houses of worship ‚Äúessential‚Äù and ordered them reopened, without any clear au‚Ä¶ https://t.co/gigHAbbWuC",0.0041,0.108,0.785,0.107,92
492,@NYTimes,Fri May 22 19:00:09 +0000 2020,Hungary has moved nearly 300 asylum seekers out of fenced detention sites where they had been put in metal containe‚Ä¶ https://t.co/nRFJPToCk8,-0.3612,0.0,0.889,0.111,93
493,@NYTimes,Fri May 22 18:41:24 +0000 2020,RT @jeannasmialek: The Fed had decided to stop worrying about inflation and learn to love low unemployment -- and then came the pandemic.‚Ä¶,-0.5267,0.132,0.566,0.302,94
494,@NYTimes,Fri May 22 18:40:08 +0000 2020,Nursing homes with a significant number of black and Latino residents have been twice as likely to be hit by the co‚Ä¶ https://t.co/I88xS3vvd9,0.2732,0.129,0.871,0.0,95
495,@NYTimes,Fri May 22 18:20:05 +0000 2020,A 20-year-old man who is a temporary patient of a nursing home in Detroit has been arrested in connection with a vi‚Ä¶ https://t.co/uNXWgTbd9Z,-0.4767,0.0,0.876,0.124,96
496,@NYTimes,Fri May 22 18:00:04 +0000 2020,Secretary of State Mike Pompeo condemned China on Friday after Beijing unveiled the details of a broad new security‚Ä¶ https://t.co/20nbpFT1su,-0.4404,0.0,0.868,0.132,97
497,@NYTimes,Fri May 22 17:40:08 +0000 2020,"Britain has announced that it will quarantine everyone flying into the country, including its citizens, beginning J‚Ä¶ https://t.co/FOjDPKWQKe",0.0,0.0,1.0,0.0,98
498,@NYTimes,Fri May 22 17:20:04 +0000 2020,"In an extraordinary move, a federal appeals court panel has ordered a trial judge to explain why he is hesitating t‚Ä¶ https://t.co/OOGZ8LicBz",-0.34,0.0,0.897,0.103,99
499,@NYTimes,Fri May 22 17:11:18 +0000 2020,"In Opinion

@nytdavidbrooks is chatting about his latest column https://t.co/kMrqG8PyiE https://t.co/9L8ptPCQjx",0.0,0.0,1.0,0.0,100
